{"type": "FeatureCollection", "features": [{"type": "Feature", "geometry": {"type": "Point", "coordinates": [144.9553439, -37.8408927]}, "properties": {"name": "Drinking Water", "category": "Drinking Water", "group": "outdoor", "hours": "", "access": "", "address": "", "website": ""}}, {"type": "Feature", "geometry": {"type": "Point", "coordinates": [144.9564372, -37.8388571]}, "properties": {"name": "Drinking Water", "category": "Drinking Water", "group": "outdoor", "hours": "", "access": "", "address": "", "website": ""}}, {"type": "Feature", "geometry": {"type": "Point", "coordinates": [144.9530388, -37.8396056]}, "properties": {"name": "Drinking Water", "category": "Drinking Water", "group": "outdoor", "hours": "", "access": "", "address": "", "website": ""}}, {"type": "Feature", "geometry": {"type": "Point", "coordinates": [144.9545954, -37.8393381]}, "properties": {"name": "Drinking Water", "category": "Drinking Water", "group": "outdoor", "hours": "", "access": "", "address": "", "website": ""}}, {"type": "Feature", "geometry": {"type": "Point", "coordinates": [144.9554842, -37.8386002]}, "properties": {"name": "Drinking Water", "category": "Drinking Water", "group": "outdoor", "hours": "", "access": "", "address": "", "website": ""}}, {"type": "Feature", "geometry": {"type": "Point", "coordinates": [144.9452125, -37.8463841]}, "properties": {"name": "Drinking Water", "category": "Drinking Water", "group": "outdoor", "hours": "", "access": "", "address": "", "website": ""}}, {"type": "Feature", "geometry": {"type": "Point", "coordinates": [144.9458654, -37.8428848]}, "properties": {"name": "Drinking Water", "category": "Drinking Water", "group": "outdoor", "hours": "", "access": "", "address": "", "website": ""}}, {"type": "Feature", "geometry": {"type": "Point", "coordinates": [144.946424, -37.8428412]}, "properties": {"name": "Drinking Water", "category": "Drinking Water", "group": "outdoor", "hours": "", "access": "", "address": "", "website": ""}}, {"type": "Feature", "geometry": {"type": "Point", "coordinates": [144.947529, -37.8421558]}, "properties": {"name": "Drinking Water", "category": "Drinking Water", "group": "outdoor", "hours": "", "access": "", "address": "", "website": ""}}, {"type": "Feature", "geometry": {"type": "Point", "coordinates": [144.9460694, -37.8424576]}, "properties": {"name": "Drinking Water", "category": "Drinking Water", "group": "outdoor", "hours": "", "access": "", "address": "", "website": ""}}, {"type": "Feature", "geometry": {"type": "Point", "coordinates": [144.9658411, -37.8484875]}, "properties": {"name": "Drinking Water", "category": "Drinking Water", "group": "outdoor", "hours": "", "access": "", "address": "", "website": ""}}, {"type": "Feature", "geometry": {"type": "Point", "coordinates": [144.9589381, -37.8474892]}, "properties": {"name": "Drinking Water", "category": "Drinking Water", "group": "outdoor", "hours": "", "access": "", "address": "", "website": ""}}, {"type": "Feature", "geometry": {"type": "Point", "coordinates": [144.9511632, -37.8493288]}, "properties": {"name": "Drinking Water", "category": "Drinking Water", "group": "outdoor", "hours": "", "access": "", "address": "", "website": ""}}, {"type": "Feature", "geometry": {"type": "Point", "coordinates": [144.954157, -37.8506521]}, "properties": {"name": "Drinking Water", "category": "Drinking Water", "group": "outdoor", "hours": "", "access": "", "address": "", "website": ""}}, {"type": "Feature", "geometry": {"type": "Point", "coordinates": [144.9610947, -37.8540708]}, "properties": {"name": "Drinking Water", "category": "Drinking Water", "group": "outdoor", "hours": "", "access": "", "address": "", "website": ""}}, {"type": "Feature", "geometry": {"type": "Point", "coordinates": [144.9672591, -37.838619]}, "properties": {"name": "Drinking Water", "category": "Drinking Water", "group": "outdoor", "hours": "", "access": "", "address": "", "website": ""}}, {"type": "Feature", "geometry": {"type": "Point", "coordinates": [144.9671509, -37.8402131]}, "properties": {"name": "Drinking Water", "category": "Drinking Water", "group": "outdoor", "hours": "", "access": "", "address": "", "website": ""}}, {"type": "Feature", "geometry": {"type": "Point", "coordinates": [144.976723, -37.8531442]}, "properties": {"name": "Drinking Water", "category": "Drinking Water", "group": "outdoor", "hours": "", "access": "", "address": "", "website": ""}}, {"type": "Feature", "geometry": {"type": "Point", "coordinates": [144.9712194, -37.841737]}, "properties": {"name": "Drinking Water", "category": "Drinking Water", "group": "outdoor", "hours": "", "access": "", "address": "", "website": ""}}, {"type": "Feature", "geometry": {"type": "Point", "coordinates": [144.974265, -37.8487075]}, "properties": {"name": "Drinking Water", "category": "Drinking Water", "group": "outdoor", "hours": "", "access": "", "address": "", "website": ""}}, {"type": "Feature", "geometry": {"type": "Point", "coordinates": [144.9738922, -37.8505352]}, "properties": {"name": "Drinking Water", "category": "Drinking Water", "group": "outdoor", "hours": "", "access": "", "address": "", "website": ""}}, {"type": "Feature", "geometry": {"type": "Point", "coordinates": [144.9630852, -37.8430323]}, "properties": {"name": "Drinking Water", "category": "Drinking Water", "group": "outdoor", "hours": "", "access": "", "address": "", "website": ""}}, {"type": "Feature", "geometry": {"type": "Point", "coordinates": [144.96676, -37.8419783]}, "properties": {"name": "Drinking Water", "category": "Drinking Water", "group": "outdoor", "hours": "", "access": "", "address": "", "website": ""}}, {"type": "Feature", "geometry": {"type": "Point", "coordinates": [144.9673527, -37.8405881]}, "properties": {"name": "Drinking Water", "category": "Drinking Water", "group": "outdoor", "hours": "", "access": "", "address": "", "website": ""}}, {"type": "Feature", "geometry": {"type": "Point", "coordinates": [144.9833885, -37.8885731]}, "properties": {"name": "Drinking Water", "category": "Drinking Water", "group": "outdoor", "hours": "", "access": "", "address": "", "website": ""}}, {"type": "Feature", "geometry": {"type": "Point", "coordinates": [144.9768065, -37.8807447]}, "properties": {"name": "Drinking Water", "category": "Drinking Water", "group": "outdoor", "hours": "", "access": "", "address": "", "website": ""}}, {"type": "Feature", "geometry": {"type": "Point", "coordinates": [144.9858003, -37.882136]}, "properties": {"name": "Drinking Water", "category": "Drinking Water", "group": "outdoor", "hours": "", "access": "private", "address": "", "website": ""}}, {"type": "Feature", "geometry": {"type": "Point", "coordinates": [144.9851488, -37.8819707]}, "properties": {"name": "Drinking Water", "category": "Drinking Water", "group": "outdoor", "hours": "", "access": "private", "address": "", "website": ""}}, {"type": "Feature", "geometry": {"type": "Point", "coordinates": [144.9852751, -37.881121]}, "properties": {"name": "Drinking Water", "category": "Drinking Water", "group": "outdoor", "hours": "", "access": "", "address": "", "website": ""}}, {"type": "Feature", "geometry": {"type": "Point", "coordinates": [144.9851193, -37.8810934]}, "properties": {"name": "Drinking Water", "category": "Drinking Water", "group": "outdoor", "hours": "", "access": "", "address": "", "website": ""}}, {"type": "Feature", "geometry": {"type": "Point", "coordinates": [144.9844537, -37.8819937]}, "properties": {"name": "Drinking Water", "category": "Drinking Water", "group": "outdoor", "hours": "", "access": "", "address": "", "website": ""}}, {"type": "Feature", "geometry": {"type": "Point", "coordinates": [144.985662, -37.8819558]}, "properties": {"name": "Drinking Water", "category": "Drinking Water", "group": "outdoor", "hours": "", "access": "", "address": "", "website": ""}}, {"type": "Feature", "geometry": {"type": "Point", "coordinates": [144.9444597, -37.8386908]}, "properties": {"name": "Drinking Water", "category": "Drinking Water", "group": "outdoor", "hours": "", "access": "", "address": "", "website": ""}}, {"type": "Feature", "geometry": {"type": "Point", "coordinates": [144.9378795, -37.8369751]}, "properties": {"name": "Drinking Water", "category": "Drinking Water", "group": "outdoor", "hours": "", "access": "", "address": "", "website": ""}}, {"type": "Feature", "geometry": {"type": "Point", "coordinates": [144.9365711, -37.838013]}, "properties": {"name": "Drinking Water", "category": "Drinking Water", "group": "outdoor", "hours": "", "access": "", "address": "", "website": ""}}, {"type": "Feature", "geometry": {"type": "Point", "coordinates": [144.9234322, -37.8376451]}, "properties": {"name": "Drinking Water", "category": "Drinking Water", "group": "outdoor", "hours": "", "access": "", "address": "", "website": ""}}, {"type": "Feature", "geometry": {"type": "Point", "coordinates": [144.9224007, -37.839577]}, "properties": {"name": "Drinking Water", "category": "Drinking Water", "group": "outdoor", "hours": "24/7", "access": "", "address": "", "website": ""}}, {"type": "Feature", "geometry": {"type": "Point", "coordinates": [144.9133046, -37.841163]}, "properties": {"name": "Drinking Water", "category": "Drinking Water", "group": "outdoor", "hours": "", "access": "", "address": "", "website": ""}}, {"type": "Feature", "geometry": {"type": "Point", "coordinates": [144.9143218, -37.840242]}, "properties": {"name": "Drinking Water", "category": "Drinking Water", "group": "outdoor", "hours": "", "access": "", "address": "", "website": ""}}, {"type": "Feature", "geometry": {"type": "Point", "coordinates": [144.9151694, -37.8403324]}, "properties": {"name": "Drinking Water", "category": "Drinking Water", "group": "outdoor", "hours": "", "access": "", "address": "", "website": ""}}, {"type": "Feature", "geometry": {"type": "Point", "coordinates": [144.9144427, -37.836572]}, "properties": {"name": "Drinking Water", "category": "Drinking Water", "group": "outdoor", "hours": "24/7", "access": "", "address": "", "website": ""}}, {"type": "Feature", "geometry": {"type": "Point", "coordinates": [144.9187822, -37.8395234]}, "properties": {"name": "Drinking Water", "category": "Drinking Water", "group": "outdoor", "hours": "24/7", "access": "", "address": "", "website": ""}}, {"type": "Feature", "geometry": {"type": "Point", "coordinates": [144.9146775, -37.837278]}, "properties": {"name": "Drinking Water", "category": "Drinking Water", "group": "outdoor", "hours": "24/7", "access": "", "address": "", "website": ""}}, {"type": "Feature", "geometry": {"type": "Point", "coordinates": [144.9166921, -37.8397996]}, "properties": {"name": "Drinking Water", "category": "Drinking Water", "group": "outdoor", "hours": "", "access": "", "address": "", "website": ""}}, {"type": "Feature", "geometry": {"type": "Point", "coordinates": [144.9197517, -37.8392284]}, "properties": {"name": "Drinking Water", "category": "Drinking Water", "group": "outdoor", "hours": "", "access": "", "address": "", "website": ""}}, {"type": "Feature", "geometry": {"type": "Point", "coordinates": [144.9169879, -37.8379953]}, "properties": {"name": "Drinking Water", "category": "Drinking Water", "group": "outdoor", "hours": "", "access": "", "address": "", "website": ""}}, {"type": "Feature", "geometry": {"type": "Point", "coordinates": [144.9423223, -37.8449925]}, "properties": {"name": "Drinking Water", "category": "Drinking Water", "group": "outdoor", "hours": "", "access": "", "address": "", "website": ""}}, {"type": "Feature", "geometry": {"type": "Point", "coordinates": [144.9269445, -37.8405738]}, "properties": {"name": "Drinking Water", "category": "Drinking Water", "group": "outdoor", "hours": "", "access": "", "address": "", "website": ""}}, {"type": "Feature", "geometry": {"type": "Point", "coordinates": [144.9949497, -37.8758148]}, "properties": {"name": "Drinking Water", "category": "Drinking Water", "group": "outdoor", "hours": "", "access": "yes", "address": "", "website": ""}}, {"type": "Feature", "geometry": {"type": "Point", "coordinates": [144.9518166, -37.8336099]}, "properties": {"name": "Drinking Water", "category": "Drinking Water", "group": "outdoor", "hours": "", "access": "yes", "address": "", "website": ""}}, {"type": "Feature", "geometry": {"type": "Point", "coordinates": [144.9102894, -37.8308714]}, "properties": {"name": "Drinking Water", "category": "Drinking Water", "group": "outdoor", "hours": "24/7", "access": "", "address": "", "website": ""}}, {"type": "Feature", "geometry": {"type": "Point", "coordinates": [144.91265, -37.8340793]}, "properties": {"name": "Drinking Water", "category": "Drinking Water", "group": "outdoor", "hours": "24/7", "access": "", "address": "", "website": ""}}, {"type": "Feature", "geometry": {"type": "Point", "coordinates": [144.9041466, -37.8332737]}, "properties": {"name": "Drinking Water", "category": "Drinking Water", "group": "outdoor", "hours": "", "access": "", "address": "", "website": ""}}, {"type": "Feature", "geometry": {"type": "Point", "coordinates": [144.9134494, -37.8348645]}, "properties": {"name": "Drinking Water", "category": "Drinking Water", "group": "outdoor", "hours": "24/7", "access": "", "address": "", "website": ""}}, {"type": "Feature", "geometry": {"type": "Point", "coordinates": [144.9657959, -37.8345228]}, "properties": {"name": "Drinking Water", "category": "Drinking Water", "group": "outdoor", "hours": "", "access": "", "address": "", "website": ""}}, {"type": "Feature", "geometry": {"type": "Point", "coordinates": [144.9812146, -37.8658197]}, "properties": {"name": "Drinking Water", "category": "Drinking Water", "group": "outdoor", "hours": "", "access": "", "address": "", "website": ""}}, {"type": "Feature", "geometry": {"type": "Point", "coordinates": [144.9750573, -37.8554566]}, "properties": {"name": "Drinking Water", "category": "Drinking Water", "group": "outdoor", "hours": "", "access": "yes", "address": "", "website": ""}}, {"type": "Feature", "geometry": {"type": "Point", "coordinates": [144.9773629, -37.8595947]}, "properties": {"name": "Drinking Water", "category": "Drinking Water", "group": "outdoor", "hours": "", "access": "", "address": "", "website": ""}}, {"type": "Feature", "geometry": {"type": "Point", "coordinates": [144.975546, -37.8717964]}, "properties": {"name": "Drinking Water", "category": "Drinking Water", "group": "outdoor", "hours": "", "access": "", "address": "", "website": ""}}, {"type": "Feature", "geometry": {"type": "Point", "coordinates": [144.96804, -37.8579812]}, "properties": {"name": "Drinking Water", "category": "Drinking Water", "group": "outdoor", "hours": "", "access": "", "address": "", "website": ""}}, {"type": "Feature", "geometry": {"type": "Point", "coordinates": [144.9787929, -37.8623809]}, "properties": {"name": "Drinking Water", "category": "Drinking Water", "group": "outdoor", "hours": "", "access": "", "address": "", "website": ""}}, {"type": "Feature", "geometry": {"type": "Point", "coordinates": [144.9750956, -37.8664613]}, "properties": {"name": "Fairchild Fountain", "category": "Drinking Water", "group": "outdoor", "hours": "", "access": "", "address": "", "website": ""}}, {"type": "Feature", "geometry": {"type": "Point", "coordinates": [144.9753228, -37.8689009]}, "properties": {"name": "Drinking Water", "category": "Drinking Water", "group": "outdoor", "hours": "", "access": "", "address": "", "website": ""}}, {"type": "Feature", "geometry": {"type": "Point", "coordinates": [144.9709279, -37.8646046]}, "properties": {"name": "Drinking Water", "category": "Drinking Water", "group": "outdoor", "hours": "", "access": "", "address": "", "website": ""}}, {"type": "Feature", "geometry": {"type": "Point", "coordinates": [144.9715663, -37.862944]}, "properties": {"name": "Drinking Water", "category": "Drinking Water", "group": "outdoor", "hours": "", "access": "", "address": "", "website": ""}}, {"type": "Feature", "geometry": {"type": "Point", "coordinates": [144.974645, -37.8682039]}, "properties": {"name": "Drinking Water", "category": "Drinking Water", "group": "outdoor", "hours": "", "access": "", "address": "", "website": ""}}, {"type": "Feature", "geometry": {"type": "Point", "coordinates": [144.9723482, -37.865987]}, "properties": {"name": "Drinking Water", "category": "Drinking Water", "group": "outdoor", "hours": "", "access": "", "address": "", "website": ""}}, {"type": "Feature", "geometry": {"type": "Point", "coordinates": [144.9708956, -37.8645013]}, "properties": {"name": "Drinking Water", "category": "Drinking Water", "group": "outdoor", "hours": "", "access": "", "address": "", "website": ""}}, {"type": "Feature", "geometry": {"type": "Point", "coordinates": [144.9717943, -37.8636091]}, "properties": {"name": "Drinking Water", "category": "Drinking Water", "group": "outdoor", "hours": "", "access": "", "address": "", "website": ""}}, {"type": "Feature", "geometry": {"type": "Point", "coordinates": [144.9709418, -37.8606145]}, "properties": {"name": "Drinking Water", "category": "Drinking Water", "group": "outdoor", "hours": "", "access": "", "address": "", "website": ""}}, {"type": "Feature", "geometry": {"type": "Point", "coordinates": [144.9719036, -37.861991]}, "properties": {"name": "Drinking Water", "category": "Drinking Water", "group": "outdoor", "hours": "", "access": "", "address": "", "website": ""}}, {"type": "Feature", "geometry": {"type": "Point", "coordinates": [145.0290994, -37.8564309]}, "properties": {"name": "Drinking Water", "category": "Drinking Water", "group": "outdoor", "hours": "", "access": "yes", "address": "", "website": ""}}, {"type": "Feature", "geometry": {"type": "Point", "coordinates": [145.0222399, -37.859895]}, "properties": {"name": "Drinking Water", "category": "Drinking Water", "group": "outdoor", "hours": "", "access": "", "address": "", "website": ""}}, {"type": "Feature", "geometry": {"type": "Point", "coordinates": [145.0010571, -37.8523434]}, "properties": {"name": "Drinking Water", "category": "Drinking Water", "group": "outdoor", "hours": "", "access": "", "address": "", "website": ""}}, {"type": "Feature", "geometry": {"type": "Point", "coordinates": [145.0005624, -37.8516857]}, "properties": {"name": "Drinking Water", "category": "Drinking Water", "group": "outdoor", "hours": "", "access": "", "address": "", "website": ""}}, {"type": "Feature", "geometry": {"type": "Point", "coordinates": [144.9927719, -37.8478656]}, "properties": {"name": "Drinking Water", "category": "Drinking Water", "group": "outdoor", "hours": "", "access": "", "address": "", "website": ""}}, {"type": "Feature", "geometry": {"type": "Point", "coordinates": [144.991705, -37.8475533]}, "properties": {"name": "Drinking Water", "category": "Drinking Water", "group": "outdoor", "hours": "", "access": "yes", "address": "", "website": ""}}, {"type": "Feature", "geometry": {"type": "Point", "coordinates": [144.9923491, -37.8477648]}, "properties": {"name": "Drinking Water", "category": "Drinking Water", "group": "outdoor", "hours": "", "access": "", "address": "", "website": ""}}, {"type": "Feature", "geometry": {"type": "Point", "coordinates": [145.0105002, -37.8333629]}, "properties": {"name": "Drinking Water", "category": "Drinking Water", "group": "outdoor", "hours": "", "access": "", "address": "", "website": ""}}, {"type": "Feature", "geometry": {"type": "Point", "coordinates": [145.0126954, -37.8312114]}, "properties": {"name": "Drinking Water", "category": "Drinking Water", "group": "outdoor", "hours": "", "access": "", "address": "", "website": ""}}, {"type": "Feature", "geometry": {"type": "Point", "coordinates": [145.02287, -37.83334]}, "properties": {"name": "Drinking Water", "category": "Drinking Water", "group": "outdoor", "hours": "", "access": "", "address": "", "website": ""}}, {"type": "Feature", "geometry": {"type": "Point", "coordinates": [145.0136869, -37.8417478]}, "properties": {"name": "Drinking Water", "category": "Drinking Water", "group": "outdoor", "hours": "", "access": "", "address": "", "website": ""}}, {"type": "Feature", "geometry": {"type": "Point", "coordinates": [144.9920098, -37.8339006]}, "properties": {"name": "Drinking Water", "category": "Drinking Water", "group": "outdoor", "hours": "", "access": "", "address": "", "website": ""}}, {"type": "Feature", "geometry": {"type": "Point", "coordinates": [145.0049399, -37.8344929]}, "properties": {"name": "Drinking Water", "category": "Drinking Water", "group": "outdoor", "hours": "", "access": "", "address": "", "website": ""}}, {"type": "Feature", "geometry": {"type": "Point", "coordinates": [145.0030021, -37.8354712]}, "properties": {"name": "Drinking Water", "category": "Drinking Water", "group": "outdoor", "hours": "", "access": "", "address": "", "website": ""}}, {"type": "Feature", "geometry": {"type": "Point", "coordinates": [145.0042326, -37.8363761]}, "properties": {"name": "Drinking Water", "category": "Drinking Water", "group": "outdoor", "hours": "", "access": "", "address": "", "website": ""}}, {"type": "Feature", "geometry": {"type": "Point", "coordinates": [144.9989414, -37.8395599]}, "properties": {"name": "Drinking Water", "category": "Drinking Water", "group": "outdoor", "hours": "", "access": "", "address": "", "website": ""}}, {"type": "Feature", "geometry": {"type": "Point", "coordinates": [144.9920281, -37.8401188]}, "properties": {"name": "Drinking Water", "category": "Drinking Water", "group": "outdoor", "hours": "", "access": "", "address": "", "website": ""}}, {"type": "Feature", "geometry": {"type": "Point", "coordinates": [144.991875, -37.8407356]}, "properties": {"name": "Drinking Water", "category": "Drinking Water", "group": "outdoor", "hours": "", "access": "", "address": "", "website": ""}}, {"type": "Feature", "geometry": {"type": "Point", "coordinates": [145.0037533, -37.8026065]}, "properties": {"name": "Drinking Water", "category": "Drinking Water", "group": "outdoor", "hours": "", "access": "", "address": "", "website": ""}}, {"type": "Feature", "geometry": {"type": "Point", "coordinates": [145.005085, -37.8018762]}, "properties": {"name": "Drinking Water", "category": "Drinking Water", "group": "outdoor", "hours": "", "access": "", "address": "", "website": ""}}, {"type": "Feature", "geometry": {"type": "Point", "coordinates": [145.0057156, -37.8031302]}, "properties": {"name": "Drinking Water", "category": "Drinking Water", "group": "outdoor", "hours": "24/7", "access": "", "address": "", "website": ""}}, {"type": "Feature", "geometry": {"type": "Point", "coordinates": [144.99586, -37.798796]}, "properties": {"name": "Drinking Water", "category": "Drinking Water", "group": "outdoor", "hours": "", "access": "", "address": "", "website": ""}}, {"type": "Feature", "geometry": {"type": "Point", "coordinates": [144.9979782, -37.7984007]}, "properties": {"name": "Drinking Water", "category": "Drinking Water", "group": "outdoor", "hours": "", "access": "", "address": "", "website": ""}}, {"type": "Feature", "geometry": {"type": "Point", "coordinates": [144.997598, -37.798527]}, "properties": {"name": "Drinking Water", "category": "Drinking Water", "group": "outdoor", "hours": "", "access": "", "address": "", "website": ""}}, {"type": "Feature", "geometry": {"type": "Point", "coordinates": [144.9971672, -37.8041383]}, "properties": {"name": "Drinking Water", "category": "Drinking Water", "group": "outdoor", "hours": "", "access": "", "address": "", "website": ""}}, {"type": "Feature", "geometry": {"type": "Point", "coordinates": [144.9931538, -37.8036714]}, "properties": {"name": "Drinking Water", "category": "Drinking Water", "group": "outdoor", "hours": "", "access": "", "address": "", "website": ""}}, {"type": "Feature", "geometry": {"type": "Point", "coordinates": [144.994598, -37.802986]}, "properties": {"name": "Drinking Water", "category": "Drinking Water", "group": "outdoor", "hours": "", "access": "yes", "address": "", "website": ""}}, {"type": "Feature", "geometry": {"type": "Point", "coordinates": [144.994264, -37.8036804]}, "properties": {"name": "Drinking Water", "category": "Drinking Water", "group": "outdoor", "hours": "", "access": "", "address": "", "website": ""}}, {"type": "Feature", "geometry": {"type": "Point", "coordinates": [144.994565, -37.8029196]}, "properties": {"name": "Drinking Water", "category": "Drinking Water", "group": "outdoor", "hours": "", "access": "yes", "address": "", "website": ""}}, {"type": "Feature", "geometry": {"type": "Point", "coordinates": [145.00073, -37.7962096]}, "properties": {"name": "Drinking Water", "category": "Drinking Water", "group": "outdoor", "hours": "", "access": "", "address": "", "website": ""}}, {"type": "Feature", "geometry": {"type": "Point", "coordinates": [145.0079489, -37.8077606]}, "properties": {"name": "Drinking Water", "category": "Drinking Water", "group": "outdoor", "hours": "", "access": "", "address": "", "website": ""}}, {"type": "Feature", "geometry": {"type": "Point", "coordinates": [144.9668636, -37.7791596]}, "properties": {"name": "Drinking Water", "category": "Drinking Water", "group": "outdoor", "hours": "", "access": "", "address": "", "website": ""}}, {"type": "Feature", "geometry": {"type": "Point", "coordinates": [144.9693114, -37.7855922]}, "properties": {"name": "Drinking Water", "category": "Drinking Water", "group": "outdoor", "hours": "", "access": "", "address": "", "website": ""}}, {"type": "Feature", "geometry": {"type": "Point", "coordinates": [144.9624801, -37.7809836]}, "properties": {"name": "Drinking Water", "category": "Drinking Water", "group": "outdoor", "hours": "", "access": "", "address": "", "website": ""}}, {"type": "Feature", "geometry": {"type": "Point", "coordinates": [144.9616282, -37.7786328]}, "properties": {"name": "Drinking Water", "category": "Drinking Water", "group": "outdoor", "hours": "", "access": "", "address": "", "website": ""}}, {"type": "Feature", "geometry": {"type": "Point", "coordinates": [144.9612564, -37.7913676]}, "properties": {"name": "Drinking Water", "category": "Drinking Water", "group": "outdoor", "hours": "", "access": "", "address": "", "website": ""}}, {"type": "Feature", "geometry": {"type": "Point", "coordinates": [144.9594796, -37.7871199]}, "properties": {"name": "Drinking Water", "category": "Drinking Water", "group": "outdoor", "hours": "", "access": "", "address": "", "website": ""}}, {"type": "Feature", "geometry": {"type": "Point", "coordinates": [144.9595189, -37.7881109]}, "properties": {"name": "Drinking Water", "category": "Drinking Water", "group": "outdoor", "hours": "", "access": "", "address": "", "website": ""}}, {"type": "Feature", "geometry": {"type": "Point", "coordinates": [144.96243, -37.7850686]}, "properties": {"name": "Drinking Water", "category": "Drinking Water", "group": "outdoor", "hours": "", "access": "", "address": "", "website": ""}}, {"type": "Feature", "geometry": {"type": "Point", "coordinates": [144.9629468, -37.7852097]}, "properties": {"name": "Drinking Water", "category": "Drinking Water", "group": "outdoor", "hours": "", "access": "", "address": "", "website": ""}}, {"type": "Feature", "geometry": {"type": "Point", "coordinates": [144.9602203, -37.784701]}, "properties": {"name": "Drinking Water", "category": "Drinking Water", "group": "outdoor", "hours": "", "access": "", "address": "", "website": ""}}, {"type": "Feature", "geometry": {"type": "Point", "coordinates": [144.9610616, -37.7799268]}, "properties": {"name": "Drinking Water", "category": "Drinking Water", "group": "outdoor", "hours": "", "access": "", "address": "", "website": ""}}, {"type": "Feature", "geometry": {"type": "Point", "coordinates": [144.9624348, -37.7886089]}, "properties": {"name": "Drinking Water", "category": "Drinking Water", "group": "outdoor", "hours": "", "access": "", "address": "", "website": ""}}, {"type": "Feature", "geometry": {"type": "Point", "coordinates": [144.9630603, -37.786015]}, "properties": {"name": "Drinking Water", "category": "Drinking Water", "group": "outdoor", "hours": "", "access": "", "address": "", "website": ""}}, {"type": "Feature", "geometry": {"type": "Point", "coordinates": [144.959982, -37.7836808]}, "properties": {"name": "Drinking Water", "category": "Drinking Water", "group": "outdoor", "hours": "", "access": "", "address": "", "website": ""}}, {"type": "Feature", "geometry": {"type": "Point", "coordinates": [144.9730889, -37.7896848]}, "properties": {"name": "Drinking Water", "category": "Drinking Water", "group": "outdoor", "hours": "", "access": "", "address": "", "website": ""}}, {"type": "Feature", "geometry": {"type": "Point", "coordinates": [144.984378, -37.797303]}, "properties": {"name": "Drinking Water", "category": "Drinking Water", "group": "outdoor", "hours": "", "access": "", "address": "", "website": ""}}, {"type": "Feature", "geometry": {"type": "Point", "coordinates": [144.9892771, -37.7972497]}, "properties": {"name": "Drinking Water", "category": "Drinking Water", "group": "outdoor", "hours": "", "access": "yes", "address": "", "website": ""}}, {"type": "Feature", "geometry": {"type": "Point", "coordinates": [144.983321, -37.805051]}, "properties": {"name": "Drinking Water", "category": "Drinking Water", "group": "outdoor", "hours": "", "access": "", "address": "", "website": ""}}, {"type": "Feature", "geometry": {"type": "Point", "coordinates": [144.984222, -37.806796]}, "properties": {"name": "Drinking Water", "category": "Drinking Water", "group": "outdoor", "hours": "", "access": "", "address": "", "website": ""}}, {"type": "Feature", "geometry": {"type": "Point", "coordinates": [144.9844441, -37.8048845]}, "properties": {"name": "Drinking Water", "category": "Drinking Water", "group": "outdoor", "hours": "", "access": "yes", "address": "", "website": ""}}, {"type": "Feature", "geometry": {"type": "Point", "coordinates": [144.9840323, -37.8007684]}, "properties": {"name": "Drinking Water", "category": "Drinking Water", "group": "outdoor", "hours": "", "access": "", "address": "", "website": ""}}, {"type": "Feature", "geometry": {"type": "Point", "coordinates": [144.983933, -37.80209]}, "properties": {"name": "Drinking Water", "category": "Drinking Water", "group": "outdoor", "hours": "", "access": "", "address": "", "website": ""}}, {"type": "Feature", "geometry": {"type": "Point", "coordinates": [144.9800081, -37.801567]}, "properties": {"name": "Drinking Water", "category": "Drinking Water", "group": "outdoor", "hours": "", "access": "", "address": "", "website": ""}}, {"type": "Feature", "geometry": {"type": "Point", "coordinates": [144.979305, -37.802332]}, "properties": {"name": "Drinking Water", "category": "Drinking Water", "group": "outdoor", "hours": "", "access": "", "address": "", "website": ""}}, {"type": "Feature", "geometry": {"type": "Point", "coordinates": [144.9766219, -37.795177]}, "properties": {"name": "Drinking Water", "category": "Drinking Water", "group": "outdoor", "hours": "", "access": "yes", "address": "", "website": ""}}, {"type": "Feature", "geometry": {"type": "Point", "coordinates": [144.9764197, -37.8020856]}, "properties": {"name": "Drinking Water", "category": "Drinking Water", "group": "outdoor", "hours": "", "access": "", "address": "", "website": ""}}, {"type": "Feature", "geometry": {"type": "Point", "coordinates": [144.9758319, -37.8056772]}, "properties": {"name": "Drinking Water", "category": "Drinking Water", "group": "outdoor", "hours": "", "access": "", "address": "", "website": ""}}, {"type": "Feature", "geometry": {"type": "Point", "coordinates": [144.980522, -37.802259]}, "properties": {"name": "Drinking Water", "category": "Drinking Water", "group": "outdoor", "hours": "", "access": "", "address": "", "website": ""}}, {"type": "Feature", "geometry": {"type": "Point", "coordinates": [144.9832382, -37.7807769]}, "properties": {"name": "Drinking Water", "category": "Drinking Water", "group": "outdoor", "hours": "", "access": "", "address": "", "website": ""}}, {"type": "Feature", "geometry": {"type": "Point", "coordinates": [144.9910013, -37.7804046]}, "properties": {"name": "Drinking Water", "category": "Drinking Water", "group": "outdoor", "hours": "", "access": "", "address": "", "website": ""}}, {"type": "Feature", "geometry": {"type": "Point", "coordinates": [144.9790841, -37.7837272]}, "properties": {"name": "Drinking Water", "category": "Drinking Water", "group": "outdoor", "hours": "", "access": "", "address": "", "website": ""}}, {"type": "Feature", "geometry": {"type": "Point", "coordinates": [144.978413, -37.7853522]}, "properties": {"name": "Drinking Water", "category": "Drinking Water", "group": "outdoor", "hours": "", "access": "", "address": "", "website": ""}}, {"type": "Feature", "geometry": {"type": "Point", "coordinates": [144.98829, -37.783949]}, "properties": {"name": "Drinking Water", "category": "Drinking Water", "group": "outdoor", "hours": "", "access": "", "address": "", "website": ""}}, {"type": "Feature", "geometry": {"type": "Point", "coordinates": [144.98404, -37.788319]}, "properties": {"name": "Drinking Water", "category": "Drinking Water", "group": "outdoor", "hours": "", "access": "", "address": "", "website": ""}}, {"type": "Feature", "geometry": {"type": "Point", "coordinates": [144.98389, -37.788387]}, "properties": {"name": "Drinking Water", "category": "Drinking Water", "group": "outdoor", "hours": "", "access": "", "address": "", "website": ""}}, {"type": "Feature", "geometry": {"type": "Point", "coordinates": [144.9829957, -37.78662]}, "properties": {"name": "Drinking Water", "category": "Drinking Water", "group": "outdoor", "hours": "", "access": "", "address": "", "website": ""}}, {"type": "Feature", "geometry": {"type": "Point", "coordinates": [145.0037253, -37.7904858]}, "properties": {"name": "Drinking Water", "category": "Drinking Water", "group": "outdoor", "hours": "", "access": "", "address": "", "website": ""}}, {"type": "Feature", "geometry": {"type": "Point", "coordinates": [145.0058195, -37.7889056]}, "properties": {"name": "Drinking Water", "category": "Drinking Water", "group": "outdoor", "hours": "", "access": "", "address": "", "website": ""}}, {"type": "Feature", "geometry": {"type": "Point", "coordinates": [145.0024899, -37.7908252]}, "properties": {"name": "Drinking Water", "category": "Drinking Water", "group": "outdoor", "hours": "", "access": "", "address": "", "website": ""}}, {"type": "Feature", "geometry": {"type": "Point", "coordinates": [145.0048209, -37.7860344]}, "properties": {"name": "Drinking Water", "category": "Drinking Water", "group": "outdoor", "hours": "", "access": "", "address": "", "website": ""}}, {"type": "Feature", "geometry": {"type": "Point", "coordinates": [145.004499, -37.7856359]}, "properties": {"name": "Drinking Water", "category": "Drinking Water", "group": "outdoor", "hours": "", "access": "", "address": "", "website": ""}}, {"type": "Feature", "geometry": {"type": "Point", "coordinates": [145.00785, -37.7853542]}, "properties": {"name": "Drinking Water", "category": "Drinking Water", "group": "outdoor", "hours": "", "access": "yes", "address": "", "website": ""}}, {"type": "Feature", "geometry": {"type": "Point", "coordinates": [145.0104824, -37.7982681]}, "properties": {"name": "Drinking Water", "category": "Drinking Water", "group": "outdoor", "hours": "", "access": "yes", "address": "", "website": ""}}, {"type": "Feature", "geometry": {"type": "Point", "coordinates": [145.010127, -37.7987863]}, "properties": {"name": "Drinking Water", "category": "Drinking Water", "group": "outdoor", "hours": "", "access": "yes", "address": "", "website": ""}}, {"type": "Feature", "geometry": {"type": "Point", "coordinates": [145.0303073, -37.7831149]}, "properties": {"name": "Drinking Water", "category": "Drinking Water", "group": "outdoor", "hours": "", "access": "", "address": "", "website": ""}}, {"type": "Feature", "geometry": {"type": "Point", "coordinates": [144.99072, -37.79173]}, "properties": {"name": "Drinking Water", "category": "Drinking Water", "group": "outdoor", "hours": "", "access": "", "address": "", "website": ""}}, {"type": "Feature", "geometry": {"type": "Point", "coordinates": [144.993816, -37.788678]}, "properties": {"name": "Drinking Water", "category": "Drinking Water", "group": "outdoor", "hours": "", "access": "", "address": "", "website": ""}}, {"type": "Feature", "geometry": {"type": "Point", "coordinates": [144.9938877, -37.7914572]}, "properties": {"name": "Drinking Water", "category": "Drinking Water", "group": "outdoor", "hours": "", "access": "", "address": "", "website": ""}}, {"type": "Feature", "geometry": {"type": "Point", "coordinates": [144.9943296, -37.7904306]}, "properties": {"name": "Drinking Water", "category": "Drinking Water", "group": "outdoor", "hours": "", "access": "", "address": "", "website": ""}}, {"type": "Feature", "geometry": {"type": "Point", "coordinates": [145.0016535, -37.784627]}, "properties": {"name": "Drinking Water", "category": "Drinking Water", "group": "outdoor", "hours": "", "access": "permissive", "address": "", "website": ""}}, {"type": "Feature", "geometry": {"type": "Point", "coordinates": [145.0117125, -37.7854417]}, "properties": {"name": "Drinking Water", "category": "Drinking Water", "group": "outdoor", "hours": "", "access": "", "address": "", "website": ""}}, {"type": "Feature", "geometry": {"type": "Point", "coordinates": [145.0113836, -37.7850662]}, "properties": {"name": "Drinking Water", "category": "Drinking Water", "group": "outdoor", "hours": "", "access": "", "address": "", "website": ""}}, {"type": "Feature", "geometry": {"type": "Point", "coordinates": [145.0114777, -37.7851116]}, "properties": {"name": "Drinking Water", "category": "Drinking Water", "group": "outdoor", "hours": "", "access": "", "address": "", "website": ""}}, {"type": "Feature", "geometry": {"type": "Point", "coordinates": [145.0141566, -37.8238873]}, "properties": {"name": "Drinking Water", "category": "Drinking Water", "group": "outdoor", "hours": "", "access": "yes", "address": "", "website": ""}}, {"type": "Feature", "geometry": {"type": "Point", "coordinates": [145.0138839, -37.8252617]}, "properties": {"name": "Drinking Water", "category": "Drinking Water", "group": "outdoor", "hours": "", "access": "yes", "address": "", "website": ""}}, {"type": "Feature", "geometry": {"type": "Point", "coordinates": [144.9916072, -37.8320352]}, "properties": {"name": "Drinking Water", "category": "Drinking Water", "group": "outdoor", "hours": "", "access": "", "address": "", "website": ""}}, {"type": "Feature", "geometry": {"type": "Point", "coordinates": [144.9920833, -37.8244254]}, "properties": {"name": "Drinking Water", "category": "Drinking Water", "group": "outdoor", "hours": "", "access": "yes", "address": "", "website": ""}}, {"type": "Feature", "geometry": {"type": "Point", "coordinates": [145.0010298, -37.8292803]}, "properties": {"name": "Drinking Water", "category": "Drinking Water", "group": "outdoor", "hours": "", "access": "", "address": "", "website": ""}}, {"type": "Feature", "geometry": {"type": "Point", "coordinates": [145.0132284, -37.826523]}, "properties": {"name": "Drinking Water", "category": "Drinking Water", "group": "outdoor", "hours": "", "access": "yes", "address": "", "website": ""}}, {"type": "Feature", "geometry": {"type": "Point", "coordinates": [145.0099015, -37.8285525]}, "properties": {"name": "Drinking Water", "category": "Drinking Water", "group": "outdoor", "hours": "", "access": "", "address": "", "website": ""}}, {"type": "Feature", "geometry": {"type": "Point", "coordinates": [145.0128179, -37.8294064]}, "properties": {"name": "Drinking Water", "category": "Drinking Water", "group": "outdoor", "hours": "", "access": "yes", "address": "", "website": ""}}, {"type": "Feature", "geometry": {"type": "Point", "coordinates": [145.0253468, -37.8310588]}, "properties": {"name": "Drinking Water", "category": "Drinking Water", "group": "outdoor", "hours": "", "access": "", "address": "", "website": ""}}, {"type": "Feature", "geometry": {"type": "Point", "coordinates": [145.0210958, -37.829188]}, "properties": {"name": "Drinking Water", "category": "Drinking Water", "group": "outdoor", "hours": "", "access": "", "address": "", "website": ""}}, {"type": "Feature", "geometry": {"type": "Point", "coordinates": [145.0228226, -37.8287624]}, "properties": {"name": "Drinking Water", "category": "Drinking Water", "group": "outdoor", "hours": "", "access": "", "address": "", "website": ""}}, {"type": "Feature", "geometry": {"type": "Point", "coordinates": [144.9957394, -37.8129491]}, "properties": {"name": "Drinking Water", "category": "Drinking Water", "group": "outdoor", "hours": "", "access": "", "address": "", "website": ""}}, {"type": "Feature", "geometry": {"type": "Point", "coordinates": [145.0012611, -37.8162788]}, "properties": {"name": "Drinking Water", "category": "Drinking Water", "group": "outdoor", "hours": "", "access": "yes", "address": "", "website": ""}}, {"type": "Feature", "geometry": {"type": "Point", "coordinates": [145.0000332, -37.8163957]}, "properties": {"name": "Drinking Water", "category": "Drinking Water", "group": "outdoor", "hours": "", "access": "", "address": "", "website": ""}}, {"type": "Feature", "geometry": {"type": "Point", "coordinates": [145.0014138, -37.8171497]}, "properties": {"name": "Drinking Water", "category": "Drinking Water", "group": "outdoor", "hours": "", "access": "", "address": "", "website": ""}}, {"type": "Feature", "geometry": {"type": "Point", "coordinates": [145.0146554, -37.8196458]}, "properties": {"name": "Drinking Water", "category": "Drinking Water", "group": "outdoor", "hours": "", "access": "", "address": "", "website": ""}}, {"type": "Feature", "geometry": {"type": "Point", "coordinates": [145.0309067, -37.8567104]}, "properties": {"name": "Drinking Water", "category": "Drinking Water", "group": "outdoor", "hours": "", "access": "", "address": "", "website": ""}}, {"type": "Feature", "geometry": {"type": "Point", "coordinates": [145.0359359, -37.845557]}, "properties": {"name": "Drinking Water", "category": "Drinking Water", "group": "outdoor", "hours": "", "access": "", "address": "", "website": ""}}, {"type": "Feature", "geometry": {"type": "Point", "coordinates": [145.0356236, -37.8447476]}, "properties": {"name": "Drinking Water", "category": "Drinking Water", "group": "outdoor", "hours": "", "access": "", "address": "", "website": ""}}, {"type": "Feature", "geometry": {"type": "Point", "coordinates": [145.0383944, -37.8407103]}, "properties": {"name": "Drinking Water", "category": "Drinking Water", "group": "outdoor", "hours": "", "access": "", "address": "", "website": ""}}, {"type": "Feature", "geometry": {"type": "Point", "coordinates": [145.0329649, -37.8377691]}, "properties": {"name": "Drinking Water", "category": "Drinking Water", "group": "outdoor", "hours": "", "access": "", "address": "", "website": ""}}, {"type": "Feature", "geometry": {"type": "Point", "coordinates": [145.0619565, -37.8607613]}, "properties": {"name": "Drinking Water", "category": "Drinking Water", "group": "outdoor", "hours": "", "access": "", "address": "", "website": ""}}, {"type": "Feature", "geometry": {"type": "Point", "coordinates": [145.0591917, -37.8572975]}, "properties": {"name": "Drinking Water", "category": "Drinking Water", "group": "outdoor", "hours": "", "access": "", "address": "", "website": ""}}, {"type": "Feature", "geometry": {"type": "Point", "coordinates": [145.049421, -37.8669211]}, "properties": {"name": "Drinking Water", "category": "Drinking Water", "group": "outdoor", "hours": "", "access": "", "address": "", "website": ""}}, {"type": "Feature", "geometry": {"type": "Point", "coordinates": [145.0492958, -37.8651093]}, "properties": {"name": "Drinking Water", "category": "Drinking Water", "group": "outdoor", "hours": "", "access": "", "address": "", "website": ""}}, {"type": "Feature", "geometry": {"type": "Point", "coordinates": [145.049743, -37.8652055]}, "properties": {"name": "Drinking Water", "category": "Drinking Water", "group": "outdoor", "hours": "", "access": "", "address": "", "website": ""}}, {"type": "Feature", "geometry": {"type": "Point", "coordinates": [145.0745565, -37.8818959]}, "properties": {"name": "Drinking Water", "category": "Drinking Water", "group": "outdoor", "hours": "", "access": "", "address": "", "website": ""}}, {"type": "Feature", "geometry": {"type": "Point", "coordinates": [145.0870255, -37.8813686]}, "properties": {"name": "Drinking Water", "category": "Drinking Water", "group": "outdoor", "hours": "", "access": "", "address": "", "website": ""}}, {"type": "Feature", "geometry": {"type": "Point", "coordinates": [145.0811461, -37.8793551]}, "properties": {"name": "Drinking Water", "category": "Drinking Water", "group": "outdoor", "hours": "", "access": "", "address": "", "website": ""}}, {"type": "Feature", "geometry": {"type": "Point", "coordinates": [145.0822822, -37.8792627]}, "properties": {"name": "Drinking Water", "category": "Drinking Water", "group": "outdoor", "hours": "", "access": "", "address": "", "website": ""}}, {"type": "Feature", "geometry": {"type": "Point", "coordinates": [145.0533724, -37.8796691]}, "properties": {"name": "Drinking Water", "category": "Drinking Water", "group": "outdoor", "hours": "", "access": "", "address": "", "website": ""}}, {"type": "Feature", "geometry": {"type": "Point", "coordinates": [145.0864993, -37.8765514]}, "properties": {"name": "Drinking Water", "category": "Drinking Water", "group": "outdoor", "hours": "", "access": "", "address": "", "website": ""}}, {"type": "Feature", "geometry": {"type": "Point", "coordinates": [145.0712784, -37.8757561]}, "properties": {"name": "Drinking Water", "category": "Drinking Water", "group": "outdoor", "hours": "", "access": "yes", "address": "", "website": ""}}, {"type": "Feature", "geometry": {"type": "Point", "coordinates": [145.0897401, -37.8753769]}, "properties": {"name": "Drinking Water", "category": "Drinking Water", "group": "outdoor", "hours": "", "access": "", "address": "", "website": ""}}, {"type": "Feature", "geometry": {"type": "Point", "coordinates": [145.0660011, -37.8692874]}, "properties": {"name": "Drinking Water", "category": "Drinking Water", "group": "outdoor", "hours": "", "access": "", "address": "", "website": ""}}, {"type": "Feature", "geometry": {"type": "Point", "coordinates": [144.8534752, -37.7809628]}, "properties": {"name": "Drinking Water", "category": "Drinking Water", "group": "outdoor", "hours": "", "access": "", "address": "", "website": ""}}, {"type": "Feature", "geometry": {"type": "Point", "coordinates": [144.8449165, -37.7945692]}, "properties": {"name": "Drinking Water", "category": "Drinking Water", "group": "outdoor", "hours": "", "access": "", "address": "", "website": ""}}, {"type": "Feature", "geometry": {"type": "Point", "coordinates": [144.89938, -37.800888]}, "properties": {"name": "Drinking Water", "category": "Drinking Water", "group": "outdoor", "hours": "", "access": "", "address": "", "website": ""}}, {"type": "Feature", "geometry": {"type": "Point", "coordinates": [144.8994316, -37.8004061]}, "properties": {"name": "Drinking Water", "category": "Drinking Water", "group": "outdoor", "hours": "", "access": "", "address": "", "website": ""}}, {"type": "Feature", "geometry": {"type": "Point", "coordinates": [144.9007827, -37.7992423]}, "properties": {"name": "Drinking Water", "category": "Drinking Water", "group": "outdoor", "hours": "", "access": "", "address": "", "website": ""}}, {"type": "Feature", "geometry": {"type": "Point", "coordinates": [144.9051185, -37.7995154]}, "properties": {"name": "Drinking Water", "category": "Drinking Water", "group": "outdoor", "hours": "", "access": "", "address": "", "website": ""}}, {"type": "Feature", "geometry": {"type": "Point", "coordinates": [144.9072565, -37.7935672]}, "properties": {"name": "Drinking Water", "category": "Drinking Water", "group": "outdoor", "hours": "", "access": "", "address": "", "website": ""}}, {"type": "Feature", "geometry": {"type": "Point", "coordinates": [144.9058216, -37.8085844]}, "properties": {"name": "Drinking Water", "category": "Drinking Water", "group": "outdoor", "hours": "", "access": "", "address": "", "website": ""}}, {"type": "Feature", "geometry": {"type": "Point", "coordinates": [144.9012501, -37.8044964]}, "properties": {"name": "Municipality of Footscray 1859", "category": "Drinking Water", "group": "outdoor", "hours": "", "access": "", "address": "", "website": ""}}, {"type": "Feature", "geometry": {"type": "Point", "coordinates": [144.8984547, -37.8141166]}, "properties": {"name": "Drinking Water", "category": "Drinking Water", "group": "outdoor", "hours": "", "access": "", "address": "", "website": ""}}, {"type": "Feature", "geometry": {"type": "Point", "coordinates": [144.8949113, -37.7880893]}, "properties": {"name": "Drinking Water", "category": "Drinking Water", "group": "outdoor", "hours": "", "access": "", "address": "", "website": ""}}, {"type": "Feature", "geometry": {"type": "Point", "coordinates": [144.9096533, -37.8009141]}, "properties": {"name": "Drinking Water", "category": "Drinking Water", "group": "outdoor", "hours": "", "access": "", "address": "", "website": ""}}, {"type": "Feature", "geometry": {"type": "Point", "coordinates": [144.8857634, -37.7760308]}, "properties": {"name": "Drinking Water", "category": "Drinking Water", "group": "outdoor", "hours": "", "access": "", "address": "", "website": ""}}, {"type": "Feature", "geometry": {"type": "Point", "coordinates": [144.8863619, -37.7779121]}, "properties": {"name": "Drinking Water", "category": "Drinking Water", "group": "outdoor", "hours": "", "access": "", "address": "", "website": ""}}, {"type": "Feature", "geometry": {"type": "Point", "coordinates": [144.8752728, -37.7706453]}, "properties": {"name": "Drinking Water", "category": "Drinking Water", "group": "outdoor", "hours": "", "access": "", "address": "", "website": ""}}, {"type": "Feature", "geometry": {"type": "Point", "coordinates": [144.901784, -37.7679775]}, "properties": {"name": "Drinking Water", "category": "Drinking Water", "group": "outdoor", "hours": "", "access": "", "address": "", "website": ""}}, {"type": "Feature", "geometry": {"type": "Point", "coordinates": [144.8979394, -37.7705028]}, "properties": {"name": "Drinking Water", "category": "Drinking Water", "group": "outdoor", "hours": "", "access": "", "address": "", "website": ""}}, {"type": "Feature", "geometry": {"type": "Point", "coordinates": [144.8959131, -37.7756068]}, "properties": {"name": "Drinking Water", "category": "Drinking Water", "group": "outdoor", "hours": "", "access": "", "address": "", "website": ""}}, {"type": "Feature", "geometry": {"type": "Point", "coordinates": [144.8904048, -37.8079645]}, "properties": {"name": "Drinking Water", "category": "Drinking Water", "group": "outdoor", "hours": "", "access": "", "address": "", "website": ""}}, {"type": "Feature", "geometry": {"type": "Point", "coordinates": [144.8801151, -37.8073456]}, "properties": {"name": "Drinking Water", "category": "Drinking Water", "group": "outdoor", "hours": "", "access": "", "address": "", "website": ""}}, {"type": "Feature", "geometry": {"type": "Point", "coordinates": [144.8891248, -37.8046398]}, "properties": {"name": "Drinking Water", "category": "Drinking Water", "group": "outdoor", "hours": "", "access": "yes", "address": "", "website": ""}}, {"type": "Feature", "geometry": {"type": "Point", "coordinates": [144.8752007, -37.7925373]}, "properties": {"name": "Drinking Water", "category": "Drinking Water", "group": "outdoor", "hours": "", "access": "", "address": "", "website": ""}}, {"type": "Feature", "geometry": {"type": "Point", "coordinates": [144.8772588, -37.7939679]}, "properties": {"name": "Drinking Water", "category": "Drinking Water", "group": "outdoor", "hours": "", "access": "", "address": "", "website": ""}}, {"type": "Feature", "geometry": {"type": "Point", "coordinates": [144.8668371, -37.8099286]}, "properties": {"name": "Drinking Water", "category": "Drinking Water", "group": "outdoor", "hours": "", "access": "", "address": "", "website": ""}}, {"type": "Feature", "geometry": {"type": "Point", "coordinates": [144.8692509, -37.7963529]}, "properties": {"name": "Drinking Water", "category": "Drinking Water", "group": "outdoor", "hours": "", "access": "", "address": "", "website": ""}}, {"type": "Feature", "geometry": {"type": "Point", "coordinates": [144.8814291, -37.8157918]}, "properties": {"name": "Drinking Water", "category": "Drinking Water", "group": "outdoor", "hours": "", "access": "", "address": "", "website": ""}}, {"type": "Feature", "geometry": {"type": "Point", "coordinates": [144.8852236, -37.8171349]}, "properties": {"name": "Drinking Water", "category": "Drinking Water", "group": "outdoor", "hours": "", "access": "yes", "address": "", "website": ""}}, {"type": "Feature", "geometry": {"type": "Point", "coordinates": [144.8840675, -37.815803]}, "properties": {"name": "Drinking Water", "category": "Drinking Water", "group": "outdoor", "hours": "", "access": "", "address": "", "website": ""}}, {"type": "Feature", "geometry": {"type": "Point", "coordinates": [144.8712708, -37.8207665]}, "properties": {"name": "Drinking Water", "category": "Drinking Water", "group": "outdoor", "hours": "", "access": "", "address": "", "website": ""}}, {"type": "Feature", "geometry": {"type": "Point", "coordinates": [144.898083, -37.814199]}, "properties": {"name": "Drinking Water", "category": "Drinking Water", "group": "outdoor", "hours": "", "access": "", "address": "", "website": ""}}, {"type": "Feature", "geometry": {"type": "Point", "coordinates": [144.8771683, -37.8161319]}, "properties": {"name": "Drinking Water", "category": "Drinking Water", "group": "outdoor", "hours": "", "access": "", "address": "", "website": ""}}, {"type": "Feature", "geometry": {"type": "Point", "coordinates": [144.8780772, -37.8183787]}, "properties": {"name": "Drinking Water", "category": "Drinking Water", "group": "outdoor", "hours": "", "access": "", "address": "", "website": ""}}, {"type": "Feature", "geometry": {"type": "Point", "coordinates": [144.9647509211, -37.8138655973]}, "properties": {"name": "Drinking-Fountains", "category": "Drinking-Fountains", "group": "outdoor", "hours": "", "access": "", "address": "", "website": ""}}, {"type": "Feature", "geometry": {"type": "Point", "coordinates": [144.9617423932, -37.8209918918]}, "properties": {"name": "Drinking-Fountains", "category": "Drinking-Fountains", "group": "outdoor", "hours": "", "access": "", "address": "", "website": ""}}, {"type": "Feature", "geometry": {"type": "Point", "coordinates": [144.9705661245, -37.7982550556]}, "properties": {"name": "Drinking-Fountains", "category": "Drinking-Fountains", "group": "outdoor", "hours": "", "access": "", "address": "", "website": ""}}, {"type": "Feature", "geometry": {"type": "Point", "coordinates": [144.9788594011, -37.8184030551]}, "properties": {"name": "Drinking-Fountains", "category": "Drinking-Fountains", "group": "outdoor", "hours": "", "access": "", "address": "", "website": ""}}, {"type": "Feature", "geometry": {"type": "Point", "coordinates": [144.9497305019, -37.8033364871]}, "properties": {"name": "Drinking-Fountains", "category": "Drinking-Fountains", "group": "outdoor", "hours": "", "access": "", "address": "", "website": ""}}, {"type": "Feature", "geometry": {"type": "Point", "coordinates": [144.9710380913, -37.7951582163]}, "properties": {"name": "Drinking-Fountains", "category": "Drinking-Fountains", "group": "outdoor", "hours": "", "access": "", "address": "", "website": ""}}, {"type": "Feature", "geometry": {"type": "Point", "coordinates": [144.949110339, -37.8050182969]}, "properties": {"name": "Drinking-Fountains", "category": "Drinking-Fountains", "group": "outdoor", "hours": "", "access": "", "address": "", "website": ""}}, {"type": "Feature", "geometry": {"type": "Point", "coordinates": [144.9469642316, -37.807258885]}, "properties": {"name": "Drinking-Fountains", "category": "Drinking-Fountains", "group": "outdoor", "hours": "", "access": "", "address": "", "website": ""}}, {"type": "Feature", "geometry": {"type": "Point", "coordinates": [144.9566253347, -37.8180379458]}, "properties": {"name": "Drinking-Fountains", "category": "Drinking-Fountains", "group": "outdoor", "hours": "", "access": "", "address": "", "website": ""}}, {"type": "Feature", "geometry": {"type": "Point", "coordinates": [144.9610743916, -37.8078639059]}, "properties": {"name": "Drinking-Fountains", "category": "Drinking-Fountains", "group": "outdoor", "hours": "", "access": "", "address": "", "website": ""}}, {"type": "Feature", "geometry": {"type": "Point", "coordinates": [144.9798517111, -37.8233760582]}, "properties": {"name": "Drinking-Fountains", "category": "Drinking-Fountains", "group": "outdoor", "hours": "", "access": "", "address": "", "website": ""}}, {"type": "Feature", "geometry": {"type": "Point", "coordinates": [144.9684433531, -37.7927527764]}, "properties": {"name": "Drinking-Fountains", "category": "Drinking-Fountains", "group": "outdoor", "hours": "", "access": "", "address": "", "website": ""}}, {"type": "Feature", "geometry": {"type": "Point", "coordinates": [144.9737415602, -37.79332997]}, "properties": {"name": "Drinking-Fountains", "category": "Drinking-Fountains", "group": "outdoor", "hours": "", "access": "", "address": "", "website": ""}}, {"type": "Feature", "geometry": {"type": "Point", "coordinates": [144.9812983256, -37.8398991117]}, "properties": {"name": "Drinking-Fountains", "category": "Drinking-Fountains", "group": "outdoor", "hours": "", "access": "", "address": "", "website": ""}}, {"type": "Feature", "geometry": {"type": "Point", "coordinates": [144.9709752954, -37.8069631949]}, "properties": {"name": "Drinking-Fountains", "category": "Drinking-Fountains", "group": "outdoor", "hours": "", "access": "", "address": "", "website": ""}}, {"type": "Feature", "geometry": {"type": "Point", "coordinates": [144.95660309, -37.8222023564]}, "properties": {"name": "Drinking-Fountains", "category": "Drinking-Fountains", "group": "outdoor", "hours": "", "access": "", "address": "", "website": ""}}, {"type": "Feature", "geometry": {"type": "Point", "coordinates": [144.9868237167, -37.8110854703]}, "properties": {"name": "Drinking-Fountains", "category": "Drinking-Fountains", "group": "outdoor", "hours": "", "access": "", "address": "", "website": ""}}, {"type": "Feature", "geometry": {"type": "Point", "coordinates": [144.9672264491, -37.8286739977]}, "properties": {"name": "Drinking-Fountains", "category": "Drinking-Fountains", "group": "outdoor", "hours": "", "access": "", "address": "", "website": ""}}, {"type": "Feature", "geometry": {"type": "Point", "coordinates": [144.9729723345, -37.820880633]}, "properties": {"name": "Drinking-Fountains", "category": "Drinking-Fountains", "group": "outdoor", "hours": "", "access": "", "address": "", "website": ""}}, {"type": "Feature", "geometry": {"type": "Point", "coordinates": [144.9728588854, -37.8324979743]}, "properties": {"name": "Drinking-Fountains", "category": "Drinking-Fountains", "group": "outdoor", "hours": "", "access": "", "address": "", "website": ""}}, {"type": "Feature", "geometry": {"type": "Point", "coordinates": [144.9751775548, -37.820171889]}, "properties": {"name": "Drinking-Fountains", "category": "Drinking-Fountains", "group": "outdoor", "hours": "", "access": "", "address": "", "website": ""}}, {"type": "Feature", "geometry": {"type": "Point", "coordinates": [144.9469530607, -37.8246883121]}, "properties": {"name": "Drinking-Fountains", "category": "Drinking-Fountains", "group": "outdoor", "hours": "", "access": "", "address": "", "website": ""}}, {"type": "Feature", "geometry": {"type": "Point", "coordinates": [144.9405619927, -37.8153972993]}, "properties": {"name": "Drinking-Fountains", "category": "Drinking-Fountains", "group": "outdoor", "hours": "", "access": "", "address": "", "website": ""}}, {"type": "Feature", "geometry": {"type": "Point", "coordinates": [144.9738820702, -37.8184660524]}, "properties": {"name": "Drinking-Fountains", "category": "Drinking-Fountains", "group": "outdoor", "hours": "", "access": "", "address": "", "website": ""}}, {"type": "Feature", "geometry": {"type": "Point", "coordinates": [144.9262312799, -37.7885810677]}, "properties": {"name": "Drinking-Fountains", "category": "Drinking-Fountains", "group": "outdoor", "hours": "", "access": "", "address": "", "website": ""}}, {"type": "Feature", "geometry": {"type": "Point", "coordinates": [144.9835450781, -37.8279249686]}, "properties": {"name": "Drinking-Fountains", "category": "Drinking-Fountains", "group": "outdoor", "hours": "", "access": "", "address": "", "website": ""}}, {"type": "Feature", "geometry": {"type": "Point", "coordinates": [144.960572349, -37.8020146446]}, "properties": {"name": "Drinking-Fountains", "category": "Drinking-Fountains", "group": "outdoor", "hours": "", "access": "", "address": "", "website": ""}}, {"type": "Feature", "geometry": {"type": "Point", "coordinates": [144.9650239591, -37.8297620074]}, "properties": {"name": "Drinking-Fountains", "category": "Drinking-Fountains", "group": "outdoor", "hours": "", "access": "", "address": "", "website": ""}}, {"type": "Feature", "geometry": {"type": "Point", "coordinates": [144.9457882106, -37.8194284161]}, "properties": {"name": "Drinking-Fountains", "category": "Drinking-Fountains", "group": "outdoor", "hours": "", "access": "", "address": "", "website": ""}}, {"type": "Feature", "geometry": {"type": "Point", "coordinates": [144.9437625733, -37.8200024373]}, "properties": {"name": "Drinking-Fountains", "category": "Drinking-Fountains", "group": "outdoor", "hours": "", "access": "", "address": "", "website": ""}}, {"type": "Feature", "geometry": {"type": "Point", "coordinates": [144.94290393, -37.8188135936]}, "properties": {"name": "Drinking-Fountains", "category": "Drinking-Fountains", "group": "outdoor", "hours": "", "access": "", "address": "", "website": ""}}, {"type": "Feature", "geometry": {"type": "Point", "coordinates": [144.9439608889, -37.8205126838]}, "properties": {"name": "Drinking-Fountains", "category": "Drinking-Fountains", "group": "outdoor", "hours": "", "access": "", "address": "", "website": ""}}, {"type": "Feature", "geometry": {"type": "Point", "coordinates": [144.9483775838, -37.8188456313]}, "properties": {"name": "Drinking-Fountains", "category": "Drinking-Fountains", "group": "outdoor", "hours": "", "access": "", "address": "", "website": ""}}, {"type": "Feature", "geometry": {"type": "Point", "coordinates": [144.9455220248, -37.8160081211]}, "properties": {"name": "Drinking-Fountains", "category": "Drinking-Fountains", "group": "outdoor", "hours": "", "access": "", "address": "", "website": ""}}, {"type": "Feature", "geometry": {"type": "Point", "coordinates": [144.9640979803, -37.8104381949]}, "properties": {"name": "Drinking-Fountains", "category": "Drinking-Fountains", "group": "outdoor", "hours": "", "access": "", "address": "", "website": ""}}, {"type": "Feature", "geometry": {"type": "Point", "coordinates": [144.9371255166, -37.8151598952]}, "properties": {"name": "Drinking-Fountains", "category": "Drinking-Fountains", "group": "outdoor", "hours": "", "access": "", "address": "", "website": ""}}, {"type": "Feature", "geometry": {"type": "Point", "coordinates": [144.9737446801, -37.8131970219]}, "properties": {"name": "Drinking-Fountains", "category": "Drinking-Fountains", "group": "outdoor", "hours": "", "access": "", "address": "", "website": ""}}, {"type": "Feature", "geometry": {"type": "Point", "coordinates": [144.9578810797, -37.8072604335]}, "properties": {"name": "Drinking-Fountains", "category": "Drinking-Fountains", "group": "outdoor", "hours": "", "access": "", "address": "", "website": ""}}, {"type": "Feature", "geometry": {"type": "Point", "coordinates": [144.9234929398, -37.7974551539]}, "properties": {"name": "Drinking-Fountains", "category": "Drinking-Fountains", "group": "outdoor", "hours": "", "access": "", "address": "", "website": ""}}, {"type": "Feature", "geometry": {"type": "Point", "coordinates": [144.9464400859, -37.8212030235]}, "properties": {"name": "Drinking-Fountains", "category": "Drinking-Fountains", "group": "outdoor", "hours": "", "access": "", "address": "", "website": ""}}, {"type": "Feature", "geometry": {"type": "Point", "coordinates": [144.9609980492, -37.8255335591]}, "properties": {"name": "Drinking-Fountains", "category": "Drinking-Fountains", "group": "outdoor", "hours": "", "access": "", "address": "", "website": ""}}, {"type": "Feature", "geometry": {"type": "Point", "coordinates": [144.9653558767, -37.8127107078]}, "properties": {"name": "Drinking-Fountains", "category": "Drinking-Fountains", "group": "outdoor", "hours": "", "access": "", "address": "", "website": ""}}, {"type": "Feature", "geometry": {"type": "Point", "coordinates": [144.9465814035, -37.8184160251]}, "properties": {"name": "Drinking-Fountains", "category": "Drinking-Fountains", "group": "outdoor", "hours": "", "access": "", "address": "", "website": ""}}, {"type": "Feature", "geometry": {"type": "Point", "coordinates": [144.9302959482, -37.7943143969]}, "properties": {"name": "Drinking-Fountains", "category": "Drinking-Fountains", "group": "outdoor", "hours": "", "access": "", "address": "", "website": ""}}, {"type": "Feature", "geometry": {"type": "Point", "coordinates": [144.9448455045, -37.8201280523]}, "properties": {"name": "Drinking-Fountains", "category": "Drinking-Fountains", "group": "outdoor", "hours": "", "access": "", "address": "", "website": ""}}, {"type": "Feature", "geometry": {"type": "Point", "coordinates": [144.9400483637, -37.7933781858]}, "properties": {"name": "Drinking-Fountains", "category": "Drinking-Fountains", "group": "outdoor", "hours": "", "access": "", "address": "", "website": ""}}, {"type": "Feature", "geometry": {"type": "Point", "coordinates": [144.9739862978, -37.7973592375]}, "properties": {"name": "Drinking-Fountains", "category": "Drinking-Fountains", "group": "outdoor", "hours": "", "access": "", "address": "", "website": ""}}, {"type": "Feature", "geometry": {"type": "Point", "coordinates": [144.9569572358, -37.8126223425]}, "properties": {"name": "Drinking-Fountains", "category": "Drinking-Fountains", "group": "outdoor", "hours": "", "access": "", "address": "", "website": ""}}, {"type": "Feature", "geometry": {"type": "Point", "coordinates": [144.9668727925, -37.8177511576]}, "properties": {"name": "Drinking-Fountains", "category": "Drinking-Fountains", "group": "outdoor", "hours": "", "access": "", "address": "", "website": ""}}, {"type": "Feature", "geometry": {"type": "Point", "coordinates": [144.9666512937, -37.8133146757]}, "properties": {"name": "Drinking-Fountains", "category": "Drinking-Fountains", "group": "outdoor", "hours": "", "access": "", "address": "", "website": ""}}, {"type": "Feature", "geometry": {"type": "Point", "coordinates": [144.9707693727, -37.811911937]}, "properties": {"name": "Drinking-Fountains", "category": "Drinking-Fountains", "group": "outdoor", "hours": "", "access": "", "address": "", "website": ""}}, {"type": "Feature", "geometry": {"type": "Point", "coordinates": [144.962426534, -37.8121163305]}, "properties": {"name": "Drinking-Fountains", "category": "Drinking-Fountains", "group": "outdoor", "hours": "", "access": "", "address": "", "website": ""}}, {"type": "Feature", "geometry": {"type": "Point", "coordinates": [144.9736843574, -37.8124357965]}, "properties": {"name": "Drinking-Fountains", "category": "Drinking-Fountains", "group": "outdoor", "hours": "", "access": "", "address": "", "website": ""}}, {"type": "Feature", "geometry": {"type": "Point", "coordinates": [144.9406532049, -37.8234094571]}, "properties": {"name": "Drinking-Fountains", "category": "Drinking-Fountains", "group": "outdoor", "hours": "", "access": "", "address": "", "website": ""}}, {"type": "Feature", "geometry": {"type": "Point", "coordinates": [144.9245622894, -37.7878494996]}, "properties": {"name": "Drinking-Fountains", "category": "Drinking-Fountains", "group": "outdoor", "hours": "", "access": "", "address": "", "website": ""}}, {"type": "Feature", "geometry": {"type": "Point", "coordinates": [144.9520281548, -37.7954299895]}, "properties": {"name": "Drinking-Fountains", "category": "Drinking-Fountains", "group": "outdoor", "hours": "", "access": "", "address": "", "website": ""}}, {"type": "Feature", "geometry": {"type": "Point", "coordinates": [144.9760539395, -37.8306584476]}, "properties": {"name": "Drinking-Fountains", "category": "Drinking-Fountains", "group": "outdoor", "hours": "", "access": "", "address": "", "website": ""}}, {"type": "Feature", "geometry": {"type": "Point", "coordinates": [144.977111285, -37.8243504454]}, "properties": {"name": "Drinking-Fountains", "category": "Drinking-Fountains", "group": "outdoor", "hours": "", "access": "", "address": "", "website": ""}}, {"type": "Feature", "geometry": {"type": "Point", "coordinates": [144.9418703401, -37.7829795755]}, "properties": {"name": "Drinking-Fountains", "category": "Drinking-Fountains", "group": "outdoor", "hours": "", "access": "", "address": "", "website": ""}}, {"type": "Feature", "geometry": {"type": "Point", "coordinates": [144.9545333519, -37.8093163982]}, "properties": {"name": "Drinking-Fountains", "category": "Drinking-Fountains", "group": "outdoor", "hours": "", "access": "", "address": "", "website": ""}}, {"type": "Feature", "geometry": {"type": "Point", "coordinates": [144.9630132242, -37.8022153491]}, "properties": {"name": "Drinking-Fountains", "category": "Drinking-Fountains", "group": "outdoor", "hours": "", "access": "", "address": "", "website": ""}}, {"type": "Feature", "geometry": {"type": "Point", "coordinates": [144.9572589884, -37.8218637868]}, "properties": {"name": "Drinking-Fountains", "category": "Drinking-Fountains", "group": "outdoor", "hours": "", "access": "", "address": "", "website": ""}}, {"type": "Feature", "geometry": {"type": "Point", "coordinates": [144.9712824731, -37.818180255]}, "properties": {"name": "Drinking-Fountains", "category": "Drinking-Fountains", "group": "outdoor", "hours": "", "access": "", "address": "", "website": ""}}, {"type": "Feature", "geometry": {"type": "Point", "coordinates": [144.9637439405, -37.800491987]}, "properties": {"name": "Drinking-Fountains", "category": "Drinking-Fountains", "group": "outdoor", "hours": "", "access": "", "address": "", "website": ""}}, {"type": "Feature", "geometry": {"type": "Point", "coordinates": [144.9389227848, -37.7958178954]}, "properties": {"name": "Drinking-Fountains", "category": "Drinking-Fountains", "group": "outdoor", "hours": "", "access": "", "address": "", "website": ""}}, {"type": "Feature", "geometry": {"type": "Point", "coordinates": [144.9728036897, -37.8115264315]}, "properties": {"name": "Drinking-Fountains", "category": "Drinking-Fountains", "group": "outdoor", "hours": "", "access": "", "address": "", "website": ""}}, {"type": "Feature", "geometry": {"type": "Point", "coordinates": [144.9418558775, -37.8208727531]}, "properties": {"name": "Drinking-Fountains", "category": "Drinking-Fountains", "group": "outdoor", "hours": "", "access": "", "address": "", "website": ""}}, {"type": "Feature", "geometry": {"type": "Point", "coordinates": [144.9441853532, -37.8212208495]}, "properties": {"name": "Drinking-Fountains", "category": "Drinking-Fountains", "group": "outdoor", "hours": "", "access": "", "address": "", "website": ""}}, {"type": "Feature", "geometry": {"type": "Point", "coordinates": [144.9569702166, -37.7820538901]}, "properties": {"name": "Drinking-Fountains", "category": "Drinking-Fountains", "group": "outdoor", "hours": "", "access": "", "address": "", "website": ""}}, {"type": "Feature", "geometry": {"type": "Point", "coordinates": [144.9448074518, -37.8202201629]}, "properties": {"name": "Drinking-Fountains", "category": "Drinking-Fountains", "group": "outdoor", "hours": "", "access": "", "address": "", "website": ""}}, {"type": "Feature", "geometry": {"type": "Point", "coordinates": [144.9738344761, -37.8098063485]}, "properties": {"name": "Drinking-Fountains", "category": "Drinking-Fountains", "group": "outdoor", "hours": "", "access": "", "address": "", "website": ""}}, {"type": "Feature", "geometry": {"type": "Point", "coordinates": [144.9341035034, -37.8171466874]}, "properties": {"name": "Drinking-Fountains", "category": "Drinking-Fountains", "group": "outdoor", "hours": "", "access": "", "address": "", "website": ""}}, {"type": "Feature", "geometry": {"type": "Point", "coordinates": [144.9877967884, -37.8173477744]}, "properties": {"name": "Drinking-Fountains", "category": "Drinking-Fountains", "group": "outdoor", "hours": "", "access": "", "address": "", "website": ""}}, {"type": "Feature", "geometry": {"type": "Point", "coordinates": [144.9685050052, -37.8075064125]}, "properties": {"name": "Drinking-Fountains", "category": "Drinking-Fountains", "group": "outdoor", "hours": "", "access": "", "address": "", "website": ""}}, {"type": "Feature", "geometry": {"type": "Point", "coordinates": [144.9427741938, -37.8134279681]}, "properties": {"name": "Drinking-Fountains", "category": "Drinking-Fountains", "group": "outdoor", "hours": "", "access": "", "address": "", "website": ""}}, {"type": "Feature", "geometry": {"type": "Point", "coordinates": [144.9417577808, -37.8196688731]}, "properties": {"name": "Drinking-Fountains", "category": "Drinking-Fountains", "group": "outdoor", "hours": "", "access": "", "address": "", "website": ""}}, {"type": "Feature", "geometry": {"type": "Point", "coordinates": [144.9419807658, -37.8201641908]}, "properties": {"name": "Drinking-Fountains", "category": "Drinking-Fountains", "group": "outdoor", "hours": "", "access": "", "address": "", "website": ""}}, {"type": "Feature", "geometry": {"type": "Point", "coordinates": [144.9755999579, -37.8087631891]}, "properties": {"name": "Drinking-Fountains", "category": "Drinking-Fountains", "group": "outdoor", "hours": "", "access": "", "address": "", "website": ""}}, {"type": "Feature", "geometry": {"type": "Point", "coordinates": [144.9711440155, -37.8224930806]}, "properties": {"name": "Drinking-Fountains", "category": "Drinking-Fountains", "group": "outdoor", "hours": "", "access": "", "address": "", "website": ""}}, {"type": "Feature", "geometry": {"type": "Point", "coordinates": [144.9786636287, -37.8103030325]}, "properties": {"name": "Drinking-Fountains", "category": "Drinking-Fountains", "group": "outdoor", "hours": "", "access": "", "address": "", "website": ""}}, {"type": "Feature", "geometry": {"type": "Point", "coordinates": [144.9803405402, -37.8135869676]}, "properties": {"name": "Drinking-Fountains", "category": "Drinking-Fountains", "group": "outdoor", "hours": "", "access": "", "address": "", "website": ""}}, {"type": "Feature", "geometry": {"type": "Point", "coordinates": [144.9398465395, -37.7795533215]}, "properties": {"name": "Drinking-Fountains", "category": "Drinking-Fountains", "group": "outdoor", "hours": "", "access": "", "address": "", "website": ""}}, {"type": "Feature", "geometry": {"type": "Point", "coordinates": [144.9386893888, -37.8147279384]}, "properties": {"name": "Drinking-Fountains", "category": "Drinking-Fountains", "group": "outdoor", "hours": "", "access": "", "address": "", "website": ""}}, {"type": "Feature", "geometry": {"type": "Point", "coordinates": [144.9740264124, -37.8293948942]}, "properties": {"name": "Drinking-Fountains", "category": "Drinking-Fountains", "group": "outdoor", "hours": "", "access": "", "address": "", "website": ""}}, {"type": "Feature", "geometry": {"type": "Point", "coordinates": [144.9741312727, -37.8288094928]}, "properties": {"name": "Drinking-Fountains", "category": "Drinking-Fountains", "group": "outdoor", "hours": "", "access": "", "address": "", "website": ""}}, {"type": "Feature", "geometry": {"type": "Point", "coordinates": [144.9515067066, -37.7771248907]}, "properties": {"name": "Drinking-Fountains", "category": "Drinking-Fountains", "group": "outdoor", "hours": "", "access": "", "address": "", "website": ""}}, {"type": "Feature", "geometry": {"type": "Point", "coordinates": [144.9559547303, -37.7814416734]}, "properties": {"name": "Drinking-Fountains", "category": "Drinking-Fountains", "group": "outdoor", "hours": "", "access": "", "address": "", "website": ""}}, {"type": "Feature", "geometry": {"type": "Point", "coordinates": [144.9742751236, -37.830815551]}, "properties": {"name": "Drinking-Fountains", "category": "Drinking-Fountains", "group": "outdoor", "hours": "", "access": "", "address": "", "website": ""}}, {"type": "Feature", "geometry": {"type": "Point", "coordinates": [144.9720229036, -37.8024172854]}, "properties": {"name": "Drinking-Fountains", "category": "Drinking-Fountains", "group": "outdoor", "hours": "", "access": "", "address": "", "website": ""}}, {"type": "Feature", "geometry": {"type": "Point", "coordinates": [144.9740815545, -37.8187709772]}, "properties": {"name": "Drinking-Fountains", "category": "Drinking-Fountains", "group": "outdoor", "hours": "", "access": "", "address": "", "website": ""}}, {"type": "Feature", "geometry": {"type": "Point", "coordinates": [144.9825614028, -37.8452141592]}, "properties": {"name": "Drinking-Fountains", "category": "Drinking-Fountains", "group": "outdoor", "hours": "", "access": "", "address": "", "website": ""}}, {"type": "Feature", "geometry": {"type": "Point", "coordinates": [144.9693227696, -37.7855961829]}, "properties": {"name": "Drinking-Fountains", "category": "Drinking-Fountains", "group": "outdoor", "hours": "", "access": "", "address": "", "website": ""}}, {"type": "Feature", "geometry": {"type": "Point", "coordinates": [144.924068278, -37.7901668764]}, "properties": {"name": "Drinking-Fountains", "category": "Drinking-Fountains", "group": "outdoor", "hours": "", "access": "", "address": "", "website": ""}}, {"type": "Feature", "geometry": {"type": "Point", "coordinates": [144.9612546359, -37.7914166022]}, "properties": {"name": "Drinking-Fountains", "category": "Drinking-Fountains", "group": "outdoor", "hours": "", "access": "", "address": "", "website": ""}}, {"type": "Feature", "geometry": {"type": "Point", "coordinates": [144.9694727637, -37.8212095907]}, "properties": {"name": "Drinking-Fountains", "category": "Drinking-Fountains", "group": "outdoor", "hours": "", "access": "", "address": "", "website": ""}}, {"type": "Feature", "geometry": {"type": "Point", "coordinates": [144.9727894423, -37.800373272]}, "properties": {"name": "Drinking-Fountains", "category": "Drinking-Fountains", "group": "outdoor", "hours": "", "access": "", "address": "", "website": ""}}, {"type": "Feature", "geometry": {"type": "Point", "coordinates": [144.9527310475, -37.7787439679]}, "properties": {"name": "Drinking-Fountains", "category": "Drinking-Fountains", "group": "outdoor", "hours": "", "access": "", "address": "", "website": ""}}, {"type": "Feature", "geometry": {"type": "Point", "coordinates": [144.9235261467, -37.7936582059]}, "properties": {"name": "Drinking-Fountains", "category": "Drinking-Fountains", "group": "outdoor", "hours": "", "access": "", "address": "", "website": ""}}, {"type": "Feature", "geometry": {"type": "Point", "coordinates": [144.9628696334, -37.8030494795]}, "properties": {"name": "Drinking-Fountains", "category": "Drinking-Fountains", "group": "outdoor", "hours": "", "access": "", "address": "", "website": ""}}, {"type": "Feature", "geometry": {"type": "Point", "coordinates": [144.9357120236, -37.8166027631]}, "properties": {"name": "Drinking-Fountains", "category": "Drinking-Fountains", "group": "outdoor", "hours": "", "access": "", "address": "", "website": ""}}, {"type": "Feature", "geometry": {"type": "Point", "coordinates": [144.9652980337, -37.8200869185]}, "properties": {"name": "Drinking-Fountains", "category": "Drinking-Fountains", "group": "outdoor", "hours": "", "access": "", "address": "", "website": ""}}, {"type": "Feature", "geometry": {"type": "Point", "coordinates": [144.9642036005, -37.8096390193]}, "properties": {"name": "Drinking-Fountains", "category": "Drinking-Fountains", "group": "outdoor", "hours": "", "access": "", "address": "", "website": ""}}, {"type": "Feature", "geometry": {"type": "Point", "coordinates": [144.951258652, -37.8071377005]}, "properties": {"name": "Drinking-Fountains", "category": "Drinking-Fountains", "group": "outdoor", "hours": "", "access": "", "address": "", "website": ""}}, {"type": "Feature", "geometry": {"type": "Point", "coordinates": [144.9512734465, -37.8071135676]}, "properties": {"name": "Drinking-Fountains", "category": "Drinking-Fountains", "group": "outdoor", "hours": "", "access": "", "address": "", "website": ""}}, {"type": "Feature", "geometry": {"type": "Point", "coordinates": [144.9586468025, -37.7999307826]}, "properties": {"name": "Drinking-Fountains", "category": "Drinking-Fountains", "group": "outdoor", "hours": "", "access": "", "address": "", "website": ""}}, {"type": "Feature", "geometry": {"type": "Point", "coordinates": [144.9561695145, -37.7841305539]}, "properties": {"name": "Drinking-Fountains", "category": "Drinking-Fountains", "group": "outdoor", "hours": "", "access": "", "address": "", "website": ""}}, {"type": "Feature", "geometry": {"type": "Point", "coordinates": [144.9729260425, -37.7963968541]}, "properties": {"name": "Drinking-Fountains", "category": "Drinking-Fountains", "group": "outdoor", "hours": "", "access": "", "address": "", "website": ""}}, {"type": "Feature", "geometry": {"type": "Point", "coordinates": [144.9649494175, -37.8232188523]}, "properties": {"name": "Drinking-Fountains", "category": "Drinking-Fountains", "group": "outdoor", "hours": "", "access": "", "address": "", "website": ""}}, {"type": "Feature", "geometry": {"type": "Point", "coordinates": [144.9541162933, -37.7777857503]}, "properties": {"name": "Drinking-Fountains", "category": "Drinking-Fountains", "group": "outdoor", "hours": "", "access": "", "address": "", "website": ""}}, {"type": "Feature", "geometry": {"type": "Point", "coordinates": [144.9550951789, -37.7864015392]}, "properties": {"name": "Drinking-Fountains", "category": "Drinking-Fountains", "group": "outdoor", "hours": "", "access": "", "address": "", "website": ""}}, {"type": "Feature", "geometry": {"type": "Point", "coordinates": [144.9415557029, -37.8015556283]}, "properties": {"name": "Drinking-Fountains", "category": "Drinking-Fountains", "group": "outdoor", "hours": "", "access": "", "address": "", "website": ""}}, {"type": "Feature", "geometry": {"type": "Point", "coordinates": [144.9849994368, -37.8387963757]}, "properties": {"name": "Drinking-Fountains", "category": "Drinking-Fountains", "group": "outdoor", "hours": "", "access": "", "address": "", "website": ""}}, {"type": "Feature", "geometry": {"type": "Point", "coordinates": [144.9478839885, -37.7927364463]}, "properties": {"name": "Drinking-Fountains", "category": "Drinking-Fountains", "group": "outdoor", "hours": "", "access": "", "address": "", "website": ""}}, {"type": "Feature", "geometry": {"type": "Point", "coordinates": [144.9602504278, -37.7817332656]}, "properties": {"name": "Drinking-Fountains", "category": "Drinking-Fountains", "group": "outdoor", "hours": "", "access": "", "address": "", "website": ""}}, {"type": "Feature", "geometry": {"type": "Point", "coordinates": [144.9432229266, -37.7852511042]}, "properties": {"name": "Drinking-Fountains", "category": "Drinking-Fountains", "group": "outdoor", "hours": "", "access": "", "address": "", "website": ""}}, {"type": "Feature", "geometry": {"type": "Point", "coordinates": [144.9573361534, -37.7995081904]}, "properties": {"name": "Drinking-Fountains", "category": "Drinking-Fountains", "group": "outdoor", "hours": "", "access": "", "address": "", "website": ""}}, {"type": "Feature", "geometry": {"type": "Point", "coordinates": [144.8994081475, -37.8324447306]}, "properties": {"name": "Drinking-Fountains", "category": "Drinking-Fountains", "group": "outdoor", "hours": "", "access": "", "address": "", "website": ""}}, {"type": "Feature", "geometry": {"type": "Point", "coordinates": [144.9041632379, -37.8332801153]}, "properties": {"name": "Drinking-Fountains", "category": "Drinking-Fountains", "group": "outdoor", "hours": "", "access": "", "address": "", "website": ""}}, {"type": "Feature", "geometry": {"type": "Point", "coordinates": [144.9557860998, -37.7795133435]}, "properties": {"name": "Drinking-Fountains", "category": "Drinking-Fountains", "group": "outdoor", "hours": "", "access": "", "address": "", "website": ""}}, {"type": "Feature", "geometry": {"type": "Point", "coordinates": [144.9606357915, -37.8264808692]}, "properties": {"name": "Drinking-Fountains", "category": "Drinking-Fountains", "group": "outdoor", "hours": "", "access": "", "address": "", "website": ""}}, {"type": "Feature", "geometry": {"type": "Point", "coordinates": [144.9421577089, -37.8238108085]}, "properties": {"name": "Drinking-Fountains", "category": "Drinking-Fountains", "group": "outdoor", "hours": "", "access": "", "address": "", "website": ""}}, {"type": "Feature", "geometry": {"type": "Point", "coordinates": [144.9721467387, -37.8186719039]}, "properties": {"name": "Drinking-Fountains", "category": "Drinking-Fountains", "group": "outdoor", "hours": "", "access": "", "address": "", "website": ""}}, {"type": "Feature", "geometry": {"type": "Point", "coordinates": [144.956035057, -37.7784542095]}, "properties": {"name": "Drinking-Fountains", "category": "Drinking-Fountains", "group": "outdoor", "hours": "", "access": "", "address": "", "website": ""}}, {"type": "Feature", "geometry": {"type": "Point", "coordinates": [144.9630699844, -37.7860671727]}, "properties": {"name": "Drinking-Fountains", "category": "Drinking-Fountains", "group": "outdoor", "hours": "", "access": "", "address": "", "website": ""}}, {"type": "Feature", "geometry": {"type": "Point", "coordinates": [144.9652191594, -37.813708988]}, "properties": {"name": "Drinking-Fountains", "category": "Drinking-Fountains", "group": "outdoor", "hours": "", "access": "", "address": "", "website": ""}}, {"type": "Feature", "geometry": {"type": "Point", "coordinates": [144.9661887711, -37.7852831401]}, "properties": {"name": "Drinking-Fountains", "category": "Drinking-Fountains", "group": "outdoor", "hours": "", "access": "", "address": "", "website": ""}}, {"type": "Feature", "geometry": {"type": "Point", "coordinates": [144.9599133775, -37.8066318674]}, "properties": {"name": "Drinking-Fountains", "category": "Drinking-Fountains", "group": "outdoor", "hours": "", "access": "", "address": "", "website": ""}}, {"type": "Feature", "geometry": {"type": "Point", "coordinates": [144.9744524498, -37.8083189562]}, "properties": {"name": "Drinking-Fountains", "category": "Drinking-Fountains", "group": "outdoor", "hours": "", "access": "", "address": "", "website": ""}}, {"type": "Feature", "geometry": {"type": "Point", "coordinates": [144.9644369717, -37.8193341486]}, "properties": {"name": "Drinking-Fountains", "category": "Drinking-Fountains", "group": "outdoor", "hours": "", "access": "", "address": "", "website": ""}}, {"type": "Feature", "geometry": {"type": "Point", "coordinates": [144.9909654082, -37.8109994903]}, "properties": {"name": "Drinking-Fountains", "category": "Drinking-Fountains", "group": "outdoor", "hours": "", "access": "", "address": "", "website": ""}}, {"type": "Feature", "geometry": {"type": "Point", "coordinates": [144.9528436671, -37.7973537945]}, "properties": {"name": "Drinking-Fountains", "category": "Drinking-Fountains", "group": "outdoor", "hours": "", "access": "", "address": "", "website": ""}}, {"type": "Feature", "geometry": {"type": "Point", "coordinates": [144.9748844164, -37.8346360184]}, "properties": {"name": "Drinking-Fountains", "category": "Drinking-Fountains", "group": "outdoor", "hours": "", "access": "", "address": "", "website": ""}}, {"type": "Feature", "geometry": {"type": "Point", "coordinates": [144.9590744473, -37.8063368498]}, "properties": {"name": "Drinking-Fountains", "category": "Drinking-Fountains", "group": "outdoor", "hours": "", "access": "", "address": "", "website": ""}}, {"type": "Feature", "geometry": {"type": "Point", "coordinates": [144.958063374, -37.806269857]}, "properties": {"name": "Drinking-Fountains", "category": "Drinking-Fountains", "group": "outdoor", "hours": "", "access": "", "address": "", "website": ""}}, {"type": "Feature", "geometry": {"type": "Point", "coordinates": [144.9601413072, -37.8174515132]}, "properties": {"name": "Drinking-Fountains", "category": "Drinking-Fountains", "group": "outdoor", "hours": "", "access": "", "address": "", "website": ""}}, {"type": "Feature", "geometry": {"type": "Point", "coordinates": [144.9563900261, -37.8060370231]}, "properties": {"name": "Drinking-Fountains", "category": "Drinking-Fountains", "group": "outdoor", "hours": "", "access": "", "address": "", "website": ""}}, {"type": "Feature", "geometry": {"type": "Point", "coordinates": [144.954519792, -37.8190677124]}, "properties": {"name": "Drinking-Fountains", "category": "Drinking-Fountains", "group": "outdoor", "hours": "", "access": "", "address": "", "website": ""}}, {"type": "Feature", "geometry": {"type": "Point", "coordinates": [144.9846019455, -37.8284209518]}, "properties": {"name": "Drinking-Fountains", "category": "Drinking-Fountains", "group": "outdoor", "hours": "", "access": "", "address": "", "website": ""}}, {"type": "Feature", "geometry": {"type": "Point", "coordinates": [144.9520464538, -37.796867288]}, "properties": {"name": "Drinking-Fountains", "category": "Drinking-Fountains", "group": "outdoor", "hours": "", "access": "", "address": "", "website": ""}}, {"type": "Feature", "geometry": {"type": "Point", "coordinates": [144.9529562943, -37.7963446986]}, "properties": {"name": "Drinking-Fountains", "category": "Drinking-Fountains", "group": "outdoor", "hours": "", "access": "", "address": "", "website": ""}}, {"type": "Feature", "geometry": {"type": "Point", "coordinates": [144.9779901646, -37.8386586134]}, "properties": {"name": "Drinking-Fountains", "category": "Drinking-Fountains", "group": "outdoor", "hours": "", "access": "", "address": "", "website": ""}}, {"type": "Feature", "geometry": {"type": "Point", "coordinates": [144.9718246233, -37.8195711072]}, "properties": {"name": "Drinking-Fountains", "category": "Drinking-Fountains", "group": "outdoor", "hours": "", "access": "", "address": "", "website": ""}}, {"type": "Feature", "geometry": {"type": "Point", "coordinates": [144.9624565067, -37.7809868565]}, "properties": {"name": "Drinking-Fountains", "category": "Drinking-Fountains", "group": "outdoor", "hours": "", "access": "", "address": "", "website": ""}}, {"type": "Feature", "geometry": {"type": "Point", "coordinates": [144.9730219812, -37.8322454833]}, "properties": {"name": "Drinking-Fountains", "category": "Drinking-Fountains", "group": "outdoor", "hours": "", "access": "", "address": "", "website": ""}}, {"type": "Feature", "geometry": {"type": "Point", "coordinates": [144.9707705905, -37.8212367217]}, "properties": {"name": "Drinking-Fountains", "category": "Drinking-Fountains", "group": "outdoor", "hours": "", "access": "", "address": "", "website": ""}}, {"type": "Feature", "geometry": {"type": "Point", "coordinates": [144.9445949834, -37.8194923233]}, "properties": {"name": "Drinking-Fountains", "category": "Drinking-Fountains", "group": "outdoor", "hours": "", "access": "", "address": "", "website": ""}}, {"type": "Feature", "geometry": {"type": "Point", "coordinates": [144.9456980757, -37.8244932506]}, "properties": {"name": "Drinking-Fountains", "category": "Drinking-Fountains", "group": "outdoor", "hours": "", "access": "", "address": "", "website": ""}}, {"type": "Feature", "geometry": {"type": "Point", "coordinates": [144.9584793905, -37.8165598601]}, "properties": {"name": "Drinking-Fountains", "category": "Drinking-Fountains", "group": "outdoor", "hours": "", "access": "", "address": "", "website": ""}}, {"type": "Feature", "geometry": {"type": "Point", "coordinates": [144.9663006936, -37.8028230999]}, "properties": {"name": "Drinking-Fountains", "category": "Drinking-Fountains", "group": "outdoor", "hours": "", "access": "", "address": "", "website": ""}}, {"type": "Feature", "geometry": {"type": "Point", "coordinates": [144.9599986296, -37.7836624813]}, "properties": {"name": "Drinking-Fountains", "category": "Drinking-Fountains", "group": "outdoor", "hours": "", "access": "", "address": "", "website": ""}}, {"type": "Feature", "geometry": {"type": "Point", "coordinates": [144.984202017, -37.8405910201]}, "properties": {"name": "Drinking-Fountains", "category": "Drinking-Fountains", "group": "outdoor", "hours": "", "access": "", "address": "", "website": ""}}, {"type": "Feature", "geometry": {"type": "Point", "coordinates": [144.9297513789, -37.7920687039]}, "properties": {"name": "Drinking-Fountains", "category": "Drinking-Fountains", "group": "outdoor", "hours": "", "access": "", "address": "", "website": ""}}, {"type": "Feature", "geometry": {"type": "Point", "coordinates": [144.9252160315, -37.7894263522]}, "properties": {"name": "Drinking-Fountains", "category": "Drinking-Fountains", "group": "outdoor", "hours": "", "access": "", "address": "", "website": ""}}, {"type": "Feature", "geometry": {"type": "Point", "coordinates": [144.9314758096, -37.7912512591]}, "properties": {"name": "Drinking-Fountains", "category": "Drinking-Fountains", "group": "outdoor", "hours": "", "access": "", "address": "", "website": ""}}, {"type": "Feature", "geometry": {"type": "Point", "coordinates": [144.9845757386, -37.8382266514]}, "properties": {"name": "Drinking-Fountains", "category": "Drinking-Fountains", "group": "outdoor", "hours": "", "access": "", "address": "", "website": ""}}, {"type": "Feature", "geometry": {"type": "Point", "coordinates": [144.9666279776, -37.8111151365]}, "properties": {"name": "Drinking-Fountains", "category": "Drinking-Fountains", "group": "outdoor", "hours": "", "access": "", "address": "", "website": ""}}, {"type": "Feature", "geometry": {"type": "Point", "coordinates": [144.9819469738, -37.8276019703]}, "properties": {"name": "Drinking-Fountains", "category": "Drinking-Fountains", "group": "outdoor", "hours": "", "access": "", "address": "", "website": ""}}, {"type": "Feature", "geometry": {"type": "Point", "coordinates": [144.938870229, -37.7969097933]}, "properties": {"name": "Drinking-Fountains", "category": "Drinking-Fountains", "group": "outdoor", "hours": "", "access": "", "address": "", "website": ""}}, {"type": "Feature", "geometry": {"type": "Point", "coordinates": [144.9424979511, -37.8193215011]}, "properties": {"name": "Drinking-Fountains", "category": "Drinking-Fountains", "group": "outdoor", "hours": "", "access": "", "address": "", "website": ""}}, {"type": "Feature", "geometry": {"type": "Point", "coordinates": [144.9398977119, -37.8155589149]}, "properties": {"name": "Drinking-Fountains", "category": "Drinking-Fountains", "group": "outdoor", "hours": "", "access": "", "address": "", "website": ""}}, {"type": "Feature", "geometry": {"type": "Point", "coordinates": [144.965248254, -37.8137034547]}, "properties": {"name": "Drinking-Fountains", "category": "Drinking-Fountains", "group": "outdoor", "hours": "", "access": "", "address": "", "website": ""}}, {"type": "Feature", "geometry": {"type": "Point", "coordinates": [144.9422586598, -37.8137818821]}, "properties": {"name": "Drinking-Fountains", "category": "Drinking-Fountains", "group": "outdoor", "hours": "", "access": "", "address": "", "website": ""}}, {"type": "Feature", "geometry": {"type": "Point", "coordinates": [144.9462534835, -37.8176714044]}, "properties": {"name": "Drinking-Fountains", "category": "Drinking-Fountains", "group": "outdoor", "hours": "", "access": "", "address": "", "website": ""}}, {"type": "Feature", "geometry": {"type": "Point", "coordinates": [144.9525775153, -37.8151857171]}, "properties": {"name": "Drinking-Fountains", "category": "Drinking-Fountains", "group": "outdoor", "hours": "", "access": "", "address": "", "website": ""}}, {"type": "Feature", "geometry": {"type": "Point", "coordinates": [144.9610235961, -37.8102999444]}, "properties": {"name": "Drinking-Fountains", "category": "Drinking-Fountains", "group": "outdoor", "hours": "", "access": "", "address": "", "website": ""}}, {"type": "Feature", "geometry": {"type": "Point", "coordinates": [144.963806393, -37.8072992052]}, "properties": {"name": "Drinking-Fountains", "category": "Drinking-Fountains", "group": "outdoor", "hours": "", "access": "", "address": "", "website": ""}}, {"type": "Feature", "geometry": {"type": "Point", "coordinates": [144.9823703462, -37.8434054718]}, "properties": {"name": "Drinking-Fountains", "category": "Drinking-Fountains", "group": "outdoor", "hours": "", "access": "", "address": "", "website": ""}}, {"type": "Feature", "geometry": {"type": "Point", "coordinates": [144.9453678085, -37.8213916513]}, "properties": {"name": "Drinking-Fountains", "category": "Drinking-Fountains", "group": "outdoor", "hours": "", "access": "", "address": "", "website": ""}}, {"type": "Feature", "geometry": {"type": "Point", "coordinates": [144.9257559045, -37.7900968716]}, "properties": {"name": "Drinking-Fountains", "category": "Drinking-Fountains", "group": "outdoor", "hours": "", "access": "", "address": "", "website": ""}}, {"type": "Feature", "geometry": {"type": "Point", "coordinates": [144.9630864939, -37.8077427708]}, "properties": {"name": "Drinking-Fountains", "category": "Drinking-Fountains", "group": "outdoor", "hours": "", "access": "", "address": "", "website": ""}}, {"type": "Feature", "geometry": {"type": "Point", "coordinates": [144.9583664199, -37.8155399072]}, "properties": {"name": "Drinking-Fountains", "category": "Drinking-Fountains", "group": "outdoor", "hours": "", "access": "", "address": "", "website": ""}}, {"type": "Feature", "geometry": {"type": "Point", "coordinates": [144.9580381534, -37.7938228053]}, "properties": {"name": "Drinking-Fountains", "category": "Drinking-Fountains", "group": "outdoor", "hours": "", "access": "", "address": "", "website": ""}}, {"type": "Feature", "geometry": {"type": "Point", "coordinates": [144.979704919, -37.8153621295]}, "properties": {"name": "Drinking-Fountains", "category": "Drinking-Fountains", "group": "outdoor", "hours": "", "access": "", "address": "", "website": ""}}, {"type": "Feature", "geometry": {"type": "Point", "coordinates": [144.9603504512, -37.8149692259]}, "properties": {"name": "Drinking-Fountains", "category": "Drinking-Fountains", "group": "outdoor", "hours": "", "access": "", "address": "", "website": ""}}, {"type": "Feature", "geometry": {"type": "Point", "coordinates": [144.9509187895, -37.795118666]}, "properties": {"name": "Drinking-Fountains", "category": "Drinking-Fountains", "group": "outdoor", "hours": "", "access": "", "address": "", "website": ""}}, {"type": "Feature", "geometry": {"type": "Point", "coordinates": [144.976098447, -37.8143628106]}, "properties": {"name": "Drinking-Fountains", "category": "Drinking-Fountains", "group": "outdoor", "hours": "", "access": "", "address": "", "website": ""}}, {"type": "Feature", "geometry": {"type": "Point", "coordinates": [144.9695582654, -37.8053026135]}, "properties": {"name": "Drinking-Fountains", "category": "Drinking-Fountains", "group": "outdoor", "hours": "", "access": "", "address": "", "website": ""}}, {"type": "Feature", "geometry": {"type": "Point", "coordinates": [144.9702407849, -37.7937649384]}, "properties": {"name": "Drinking-Fountains", "category": "Drinking-Fountains", "group": "outdoor", "hours": "", "access": "", "address": "", "website": ""}}, {"type": "Feature", "geometry": {"type": "Point", "coordinates": [144.9551162572, -37.8114412542]}, "properties": {"name": "Drinking-Fountains", "category": "Drinking-Fountains", "group": "outdoor", "hours": "", "access": "", "address": "", "website": ""}}, {"type": "Feature", "geometry": {"type": "Point", "coordinates": [144.9418678476, -37.8231771477]}, "properties": {"name": "Drinking-Fountains", "category": "Drinking-Fountains", "group": "outdoor", "hours": "", "access": "", "address": "", "website": ""}}, {"type": "Feature", "geometry": {"type": "Point", "coordinates": [144.9815543894, -37.8127667715]}, "properties": {"name": "Drinking-Fountains", "category": "Drinking-Fountains", "group": "outdoor", "hours": "", "access": "", "address": "", "website": ""}}, {"type": "Feature", "geometry": {"type": "Point", "coordinates": [144.9671944601, -37.7970110222]}, "properties": {"name": "Drinking-Fountains", "category": "Drinking-Fountains", "group": "outdoor", "hours": "", "access": "", "address": "", "website": ""}}, {"type": "Feature", "geometry": {"type": "Point", "coordinates": [144.9703253441, -37.7948604312]}, "properties": {"name": "Drinking-Fountains", "category": "Drinking-Fountains", "group": "outdoor", "hours": "", "access": "", "address": "", "website": ""}}, {"type": "Feature", "geometry": {"type": "Point", "coordinates": [144.969136735, -37.7955947105]}, "properties": {"name": "Drinking-Fountains", "category": "Drinking-Fountains", "group": "outdoor", "hours": "", "access": "", "address": "", "website": ""}}, {"type": "Feature", "geometry": {"type": "Point", "coordinates": [144.9680720028, -37.795835033]}, "properties": {"name": "Drinking-Fountains", "category": "Drinking-Fountains", "group": "outdoor", "hours": "", "access": "", "address": "", "website": ""}}, {"type": "Feature", "geometry": {"type": "Point", "coordinates": [144.9617506546, -37.8114682118]}, "properties": {"name": "Drinking-Fountains", "category": "Drinking-Fountains", "group": "outdoor", "hours": "", "access": "", "address": "", "website": ""}}, {"type": "Feature", "geometry": {"type": "Point", "coordinates": [144.9642404229, -37.8095935869]}, "properties": {"name": "Drinking-Fountains", "category": "Drinking-Fountains", "group": "outdoor", "hours": "", "access": "", "address": "", "website": ""}}, {"type": "Feature", "geometry": {"type": "Point", "coordinates": [144.964735808, -37.8118169148]}, "properties": {"name": "Drinking-Fountains", "category": "Drinking-Fountains", "group": "outdoor", "hours": "", "access": "", "address": "", "website": ""}}, {"type": "Feature", "geometry": {"type": "Point", "coordinates": [144.9429836418, -37.8211450598]}, "properties": {"name": "Drinking-Fountains", "category": "Drinking-Fountains", "group": "outdoor", "hours": "", "access": "", "address": "", "website": ""}}, {"type": "Feature", "geometry": {"type": "Point", "coordinates": [144.9448585453, -37.8205089812]}, "properties": {"name": "Drinking-Fountains", "category": "Drinking-Fountains", "group": "outdoor", "hours": "", "access": "", "address": "", "website": ""}}, {"type": "Feature", "geometry": {"type": "Point", "coordinates": [144.9308290007, -37.7940741321]}, "properties": {"name": "Drinking-Fountains", "category": "Drinking-Fountains", "group": "outdoor", "hours": "", "access": "", "address": "", "website": ""}}, {"type": "Feature", "geometry": {"type": "Point", "coordinates": [144.9469298105, -37.820890769]}, "properties": {"name": "Drinking-Fountains", "category": "Drinking-Fountains", "group": "outdoor", "hours": "", "access": "", "address": "", "website": ""}}, {"type": "Feature", "geometry": {"type": "Point", "coordinates": [144.9414854129, -37.8203953955]}, "properties": {"name": "Drinking-Fountains", "category": "Drinking-Fountains", "group": "outdoor", "hours": "", "access": "", "address": "", "website": ""}}, {"type": "Feature", "geometry": {"type": "Point", "coordinates": [144.919618135, -37.7940347019]}, "properties": {"name": "Drinking-Fountains", "category": "Drinking-Fountains", "group": "outdoor", "hours": "", "access": "", "address": "", "website": ""}}, {"type": "Feature", "geometry": {"type": "Point", "coordinates": [144.9617262342, -37.8152214066]}, "properties": {"name": "Drinking-Fountains", "category": "Drinking-Fountains", "group": "outdoor", "hours": "", "access": "", "address": "", "website": ""}}, {"type": "Feature", "geometry": {"type": "Point", "coordinates": [144.9623392752, -37.7849369884]}, "properties": {"name": "Drinking-Fountains", "category": "Drinking-Fountains", "group": "outdoor", "hours": "", "access": "", "address": "", "website": ""}}, {"type": "Feature", "geometry": {"type": "Point", "coordinates": [144.9728686597, -37.808993695]}, "properties": {"name": "Drinking-Fountains", "category": "Drinking-Fountains", "group": "outdoor", "hours": "", "access": "", "address": "", "website": ""}}, {"type": "Feature", "geometry": {"type": "Point", "coordinates": [144.9307541824, -37.7955267227]}, "properties": {"name": "Drinking-Fountains", "category": "Drinking-Fountains", "group": "outdoor", "hours": "", "access": "", "address": "", "website": ""}}, {"type": "Feature", "geometry": {"type": "Point", "coordinates": [144.9440183292, -37.7988982818]}, "properties": {"name": "Drinking-Fountains", "category": "Drinking-Fountains", "group": "outdoor", "hours": "", "access": "", "address": "", "website": ""}}, {"type": "Feature", "geometry": {"type": "Point", "coordinates": [144.9815152354, -37.8334339086]}, "properties": {"name": "Drinking-Fountains", "category": "Drinking-Fountains", "group": "outdoor", "hours": "", "access": "", "address": "", "website": ""}}, {"type": "Feature", "geometry": {"type": "Point", "coordinates": [144.9834722338, -37.8335241293]}, "properties": {"name": "Drinking-Fountains", "category": "Drinking-Fountains", "group": "outdoor", "hours": "", "access": "", "address": "", "website": ""}}, {"type": "Feature", "geometry": {"type": "Point", "coordinates": [144.9531895005, -37.7773238642]}, "properties": {"name": "Drinking-Fountains", "category": "Drinking-Fountains", "group": "outdoor", "hours": "", "access": "", "address": "", "website": ""}}, {"type": "Feature", "geometry": {"type": "Point", "coordinates": [144.9629960278, -37.785169282]}, "properties": {"name": "Drinking-Fountains", "category": "Drinking-Fountains", "group": "outdoor", "hours": "", "access": "", "address": "", "website": ""}}, {"type": "Feature", "geometry": {"type": "Point", "coordinates": [144.9601566127, -37.7846235089]}, "properties": {"name": "Drinking-Fountains", "category": "Drinking-Fountains", "group": "outdoor", "hours": "", "access": "", "address": "", "website": ""}}, {"type": "Feature", "geometry": {"type": "Point", "coordinates": [144.952935749, -37.7802053636]}, "properties": {"name": "Drinking-Fountains", "category": "Drinking-Fountains", "group": "outdoor", "hours": "", "access": "", "address": "", "website": ""}}, {"type": "Feature", "geometry": {"type": "Point", "coordinates": [144.9534929383, -37.7861520106]}, "properties": {"name": "Drinking-Fountains", "category": "Drinking-Fountains", "group": "outdoor", "hours": "", "access": "", "address": "", "website": ""}}, {"type": "Feature", "geometry": {"type": "Point", "coordinates": [144.9826852059, -37.813675644]}, "properties": {"name": "Drinking-Fountains", "category": "Drinking-Fountains", "group": "outdoor", "hours": "", "access": "", "address": "", "website": ""}}, {"type": "Feature", "geometry": {"type": "Point", "coordinates": [144.9714310764, -37.8059612485]}, "properties": {"name": "Drinking-Fountains", "category": "Drinking-Fountains", "group": "outdoor", "hours": "", "access": "", "address": "", "website": ""}}, {"type": "Feature", "geometry": {"type": "Point", "coordinates": [144.9786514428, -37.8142641465]}, "properties": {"name": "Drinking-Fountains", "category": "Drinking-Fountains", "group": "outdoor", "hours": "", "access": "", "address": "", "website": ""}}, {"type": "Feature", "geometry": {"type": "Point", "coordinates": [144.9731742929, -37.820551399]}, "properties": {"name": "Drinking-Fountains", "category": "Drinking-Fountains", "group": "outdoor", "hours": "", "access": "", "address": "", "website": ""}}, {"type": "Feature", "geometry": {"type": "Point", "coordinates": [144.9818740248, -37.837913044]}, "properties": {"name": "Drinking-Fountains", "category": "Drinking-Fountains", "group": "outdoor", "hours": "", "access": "", "address": "", "website": ""}}, {"type": "Feature", "geometry": {"type": "Point", "coordinates": [144.9366620971, -37.8221099916]}, "properties": {"name": "Drinking-Fountains", "category": "Drinking-Fountains", "group": "outdoor", "hours": "", "access": "", "address": "", "website": ""}}, {"type": "Feature", "geometry": {"type": "Point", "coordinates": [144.953615919, -37.8100930712]}, "properties": {"name": "Drinking-Fountains", "category": "Drinking-Fountains", "group": "outdoor", "hours": "", "access": "", "address": "", "website": ""}}, {"type": "Feature", "geometry": {"type": "Point", "coordinates": [144.9594917286, -37.7881098282]}, "properties": {"name": "Drinking-Fountains", "category": "Drinking-Fountains", "group": "outdoor", "hours": "", "access": "", "address": "", "website": ""}}, {"type": "Feature", "geometry": {"type": "Point", "coordinates": [144.9724953026, -37.8211035659]}, "properties": {"name": "Drinking-Fountains", "category": "Drinking-Fountains", "group": "outdoor", "hours": "", "access": "", "address": "", "website": ""}}, {"type": "Feature", "geometry": {"type": "Point", "coordinates": [144.9242199213, -37.7984197253]}, "properties": {"name": "Drinking-Fountains", "category": "Drinking-Fountains", "group": "outdoor", "hours": "", "access": "", "address": "", "website": ""}}, {"type": "Feature", "geometry": {"type": "Point", "coordinates": [144.9700370226, -37.8216800806]}, "properties": {"name": "Drinking-Fountains", "category": "Drinking-Fountains", "group": "outdoor", "hours": "", "access": "", "address": "", "website": ""}}, {"type": "Feature", "geometry": {"type": "Point", "coordinates": [144.9443629468, -37.8143728199]}, "properties": {"name": "Drinking-Fountains", "category": "Drinking-Fountains", "group": "outdoor", "hours": "", "access": "", "address": "", "website": ""}}, {"type": "Feature", "geometry": {"type": "Point", "coordinates": [144.9559743007, -37.7819020396]}, "properties": {"name": "Drinking-Fountains", "category": "Drinking-Fountains", "group": "outdoor", "hours": "", "access": "", "address": "", "website": ""}}, {"type": "Feature", "geometry": {"type": "Point", "coordinates": [144.9460803794, -37.819616152]}, "properties": {"name": "Drinking-Fountains", "category": "Drinking-Fountains", "group": "outdoor", "hours": "", "access": "", "address": "", "website": ""}}, {"type": "Feature", "geometry": {"type": "Point", "coordinates": [144.9475652092, -37.8197345279]}, "properties": {"name": "Drinking-Fountains", "category": "Drinking-Fountains", "group": "outdoor", "hours": "", "access": "", "address": "", "website": ""}}, {"type": "Feature", "geometry": {"type": "Point", "coordinates": [144.9480019918, -37.8201777624]}, "properties": {"name": "Drinking-Fountains", "category": "Drinking-Fountains", "group": "outdoor", "hours": "", "access": "", "address": "", "website": ""}}, {"type": "Feature", "geometry": {"type": "Point", "coordinates": [144.923328645, -37.7885075474]}, "properties": {"name": "Drinking-Fountains", "category": "Drinking-Fountains", "group": "outdoor", "hours": "", "access": "", "address": "", "website": ""}}, {"type": "Feature", "geometry": {"type": "Point", "coordinates": [144.9844404686, -37.8412834881]}, "properties": {"name": "Drinking-Fountains", "category": "Drinking-Fountains", "group": "outdoor", "hours": "", "access": "", "address": "", "website": ""}}, {"type": "Feature", "geometry": {"type": "Point", "coordinates": [144.9556240389, -37.8027744064]}, "properties": {"name": "Drinking-Fountains", "category": "Drinking-Fountains", "group": "outdoor", "hours": "", "access": "", "address": "", "website": ""}}, {"type": "Feature", "geometry": {"type": "Point", "coordinates": [144.9557016668, -37.80303571]}, "properties": {"name": "Drinking-Fountains", "category": "Drinking-Fountains", "group": "outdoor", "hours": "", "access": "", "address": "", "website": ""}}, {"type": "Feature", "geometry": {"type": "Point", "coordinates": [144.972737495, -37.8223827652]}, "properties": {"name": "Drinking-Fountains", "category": "Drinking-Fountains", "group": "outdoor", "hours": "", "access": "", "address": "", "website": ""}}, {"type": "Feature", "geometry": {"type": "Point", "coordinates": [144.9475148643, -37.7932261106]}, "properties": {"name": "Drinking-Fountains", "category": "Drinking-Fountains", "group": "outdoor", "hours": "", "access": "", "address": "", "website": ""}}, {"type": "Feature", "geometry": {"type": "Point", "coordinates": [144.9070077609, -37.8331597876]}, "properties": {"name": "Drinking-Fountains", "category": "Drinking-Fountains", "group": "outdoor", "hours": "", "access": "", "address": "", "website": ""}}, {"type": "Feature", "geometry": {"type": "Point", "coordinates": [144.9103129762, -37.8308520016]}, "properties": {"name": "Drinking-Fountains", "category": "Drinking-Fountains", "group": "outdoor", "hours": "", "access": "", "address": "", "website": ""}}, {"type": "Feature", "geometry": {"type": "Point", "coordinates": [144.9511501671, -37.8229758323]}, "properties": {"name": "Drinking-Fountains", "category": "Drinking-Fountains", "group": "outdoor", "hours": "", "access": "", "address": "", "website": ""}}, {"type": "Feature", "geometry": {"type": "Point", "coordinates": [144.9641121239, -37.813892216]}, "properties": {"name": "Drinking-Fountains", "category": "Drinking-Fountains", "group": "outdoor", "hours": "", "access": "", "address": "", "website": ""}}, {"type": "Feature", "geometry": {"type": "Point", "coordinates": [144.9837044948, -37.8169270364]}, "properties": {"name": "Drinking-Fountains", "category": "Drinking-Fountains", "group": "outdoor", "hours": "", "access": "", "address": "", "website": ""}}, {"type": "Feature", "geometry": {"type": "Point", "coordinates": [144.9642579279, -37.819376193]}, "properties": {"name": "Drinking-Fountains", "category": "Drinking-Fountains", "group": "outdoor", "hours": "", "access": "", "address": "", "website": ""}}, {"type": "Feature", "geometry": {"type": "Point", "coordinates": [144.9650154003, -37.812430033]}, "properties": {"name": "Drinking-Fountains", "category": "Drinking-Fountains", "group": "outdoor", "hours": "", "access": "", "address": "", "website": ""}}, {"type": "Feature", "geometry": {"type": "Point", "coordinates": [144.9663639949, -37.8033711232]}, "properties": {"name": "Drinking-Fountains", "category": "Drinking-Fountains", "group": "outdoor", "hours": "", "access": "", "address": "", "website": ""}}, {"type": "Feature", "geometry": {"type": "Point", "coordinates": [144.9910055287, -37.8101300844]}, "properties": {"name": "Drinking-Fountains", "category": "Drinking-Fountains", "group": "outdoor", "hours": "", "access": "", "address": "", "website": ""}}, {"type": "Feature", "geometry": {"type": "Point", "coordinates": [144.9606004415, -37.8195600789]}, "properties": {"name": "Drinking-Fountains", "category": "Drinking-Fountains", "group": "outdoor", "hours": "", "access": "", "address": "", "website": ""}}, {"type": "Feature", "geometry": {"type": "Point", "coordinates": [144.9578322654, -37.8020137125]}, "properties": {"name": "Drinking-Fountains", "category": "Drinking-Fountains", "group": "outdoor", "hours": "", "access": "", "address": "", "website": ""}}, {"type": "Feature", "geometry": {"type": "Point", "coordinates": [144.9534737421, -37.7853323708]}, "properties": {"name": "Drinking-Fountains", "category": "Drinking-Fountains", "group": "outdoor", "hours": "", "access": "", "address": "", "website": ""}}, {"type": "Feature", "geometry": {"type": "Point", "coordinates": [144.9851575063, -37.8164908682]}, "properties": {"name": "Drinking-Fountains", "category": "Drinking-Fountains", "group": "outdoor", "hours": "", "access": "", "address": "", "website": ""}}, {"type": "Feature", "geometry": {"type": "Point", "coordinates": [144.9571333465, -37.8061168656]}, "properties": {"name": "Drinking-Fountains", "category": "Drinking-Fountains", "group": "outdoor", "hours": "", "access": "", "address": "", "website": ""}}, {"type": "Feature", "geometry": {"type": "Point", "coordinates": [144.97270247, -37.8160100273]}, "properties": {"name": "Drinking-Fountains", "category": "Drinking-Fountains", "group": "outdoor", "hours": "", "access": "", "address": "", "website": ""}}, {"type": "Feature", "geometry": {"type": "Point", "coordinates": [144.9668454277, -37.800564879]}, "properties": {"name": "Drinking-Fountains", "category": "Drinking-Fountains", "group": "outdoor", "hours": "", "access": "", "address": "", "website": ""}}, {"type": "Feature", "geometry": {"type": "Point", "coordinates": [144.9674473658, -37.7977518117]}, "properties": {"name": "Drinking-Fountains", "category": "Drinking-Fountains", "group": "outdoor", "hours": "", "access": "", "address": "", "website": ""}}, {"type": "Feature", "geometry": {"type": "Point", "coordinates": [144.9259559283, -37.7989245096]}, "properties": {"name": "Drinking-Fountains", "category": "Drinking-Fountains", "group": "outdoor", "hours": "", "access": "", "address": "", "website": ""}}, {"type": "Feature", "geometry": {"type": "Point", "coordinates": [144.9217175976, -37.798130093]}, "properties": {"name": "Drinking-Fountains", "category": "Drinking-Fountains", "group": "outdoor", "hours": "", "access": "", "address": "", "website": ""}}, {"type": "Feature", "geometry": {"type": "Point", "coordinates": [144.9707030826, -37.8207064724]}, "properties": {"name": "Drinking-Fountains", "category": "Drinking-Fountains", "group": "outdoor", "hours": "", "access": "", "address": "", "website": ""}}, {"type": "Feature", "geometry": {"type": "Point", "coordinates": [144.9726482721, -37.8071948246]}, "properties": {"name": "Drinking-Fountains", "category": "Drinking-Fountains", "group": "outdoor", "hours": "", "access": "", "address": "", "website": ""}}, {"type": "Feature", "geometry": {"type": "Point", "coordinates": [144.9551019753, -37.8097929831]}, "properties": {"name": "Drinking-Fountains", "category": "Drinking-Fountains", "group": "outdoor", "hours": "", "access": "", "address": "", "website": ""}}, {"type": "Feature", "geometry": {"type": "Point", "coordinates": [144.966136286, -37.8022579491]}, "properties": {"name": "Drinking-Fountains", "category": "Drinking-Fountains", "group": "outdoor", "hours": "", "access": "", "address": "", "website": ""}}, {"type": "Feature", "geometry": {"type": "Point", "coordinates": [144.9656380186, -37.8026212514]}, "properties": {"name": "Drinking-Fountains", "category": "Drinking-Fountains", "group": "outdoor", "hours": "", "access": "", "address": "", "website": ""}}, {"type": "Feature", "geometry": {"type": "Point", "coordinates": [144.9433595738, -37.7989933772]}, "properties": {"name": "Drinking-Fountains", "category": "Drinking-Fountains", "group": "outdoor", "hours": "", "access": "", "address": "", "website": ""}}, {"type": "Feature", "geometry": {"type": "Point", "coordinates": [144.9610389408, -37.7799031517]}, "properties": {"name": "Drinking-Fountains", "category": "Drinking-Fountains", "group": "outdoor", "hours": "", "access": "", "address": "", "website": ""}}, {"type": "Feature", "geometry": {"type": "Point", "coordinates": [144.9850446023, -37.8270872713]}, "properties": {"name": "Drinking-Fountains", "category": "Drinking-Fountains", "group": "outdoor", "hours": "", "access": "", "address": "", "website": ""}}, {"type": "Feature", "geometry": {"type": "Point", "coordinates": [144.9438641066, -37.8241612964]}, "properties": {"name": "Drinking-Fountains", "category": "Drinking-Fountains", "group": "outdoor", "hours": "", "access": "", "address": "", "website": ""}}, {"type": "Feature", "geometry": {"type": "Point", "coordinates": [144.9448189971, -37.814286764]}, "properties": {"name": "Drinking-Fountains", "category": "Drinking-Fountains", "group": "outdoor", "hours": "", "access": "", "address": "", "website": ""}}, {"type": "Feature", "geometry": {"type": "Point", "coordinates": [144.9446779285, -37.8183932998]}, "properties": {"name": "Drinking-Fountains", "category": "Drinking-Fountains", "group": "outdoor", "hours": "", "access": "", "address": "", "website": ""}}, {"type": "Feature", "geometry": {"type": "Point", "coordinates": [144.9458429504, -37.8181263041]}, "properties": {"name": "Drinking-Fountains", "category": "Drinking-Fountains", "group": "outdoor", "hours": "", "access": "", "address": "", "website": ""}}, {"type": "Feature", "geometry": {"type": "Point", "coordinates": [144.9661919503, -37.7852833148]}, "properties": {"name": "Drinking-Fountains", "category": "Drinking-Fountains", "group": "outdoor", "hours": "", "access": "", "address": "", "website": ""}}, {"type": "Feature", "geometry": {"type": "Point", "coordinates": [144.9663257617, -37.8179067295]}, "properties": {"name": "Drinking-Fountains", "category": "Drinking-Fountains", "group": "outdoor", "hours": "", "access": "", "address": "", "website": ""}}, {"type": "Feature", "geometry": {"type": "Point", "coordinates": [144.9802959886, -37.8391230293]}, "properties": {"name": "Drinking-Fountains", "category": "Drinking-Fountains", "group": "outdoor", "hours": "", "access": "", "address": "", "website": ""}}, {"type": "Feature", "geometry": {"type": "Point", "coordinates": [144.9386269208, -37.8160798801]}, "properties": {"name": "Drinking-Fountains", "category": "Drinking-Fountains", "group": "outdoor", "hours": "", "access": "", "address": "", "website": ""}}, {"type": "Feature", "geometry": {"type": "Point", "coordinates": [144.9431458466, -37.8199269737]}, "properties": {"name": "Drinking-Fountains", "category": "Drinking-Fountains", "group": "outdoor", "hours": "", "access": "", "address": "", "website": ""}}, {"type": "Feature", "geometry": {"type": "Point", "coordinates": [144.9434869727, -37.818939307]}, "properties": {"name": "Drinking-Fountains", "category": "Drinking-Fountains", "group": "outdoor", "hours": "", "access": "", "address": "", "website": ""}}, {"type": "Feature", "geometry": {"type": "Point", "coordinates": [144.9433500225, -37.820063666]}, "properties": {"name": "Drinking-Fountains", "category": "Drinking-Fountains", "group": "outdoor", "hours": "", "access": "", "address": "", "website": ""}}, {"type": "Feature", "geometry": {"type": "Point", "coordinates": [144.9606078984, -37.8201820726]}, "properties": {"name": "Drinking-Fountains", "category": "Drinking-Fountains", "group": "outdoor", "hours": "", "access": "", "address": "", "website": ""}}, {"type": "Feature", "geometry": {"type": "Point", "coordinates": [144.9643461783, -37.8104795171]}, "properties": {"name": "Drinking-Fountains", "category": "Drinking-Fountains", "group": "outdoor", "hours": "", "access": "", "address": "", "website": ""}}, {"type": "Feature", "geometry": {"type": "Point", "coordinates": [144.9682130301, -37.8260191223]}, "properties": {"name": "Drinking-Fountains", "category": "Drinking-Fountains", "group": "outdoor", "hours": "", "access": "", "address": "", "website": ""}}, {"type": "Feature", "geometry": {"type": "Point", "coordinates": [144.9693369588, -37.8167897525]}, "properties": {"name": "Drinking-Fountains", "category": "Drinking-Fountains", "group": "outdoor", "hours": "", "access": "", "address": "", "website": ""}}, {"type": "Feature", "geometry": {"type": "Point", "coordinates": [144.9689920859, -37.8150631298]}, "properties": {"name": "Drinking-Fountains", "category": "Drinking-Fountains", "group": "outdoor", "hours": "", "access": "", "address": "", "website": ""}}, {"type": "Feature", "geometry": {"type": "Point", "coordinates": [144.972424029, -37.8103390845]}, "properties": {"name": "Drinking-Fountains", "category": "Drinking-Fountains", "group": "outdoor", "hours": "", "access": "", "address": "", "website": ""}}, {"type": "Feature", "geometry": {"type": "Point", "coordinates": [144.9559316938, -37.807115622]}, "properties": {"name": "Drinking-Fountains", "category": "Drinking-Fountains", "group": "outdoor", "hours": "", "access": "", "address": "", "website": ""}}, {"type": "Feature", "geometry": {"type": "Point", "coordinates": [144.9384773715, -37.8146952152]}, "properties": {"name": "Drinking-Fountains", "category": "Drinking-Fountains", "group": "outdoor", "hours": "", "access": "", "address": "", "website": ""}}, {"type": "Feature", "geometry": {"type": "Point", "coordinates": [144.975186226, -37.8111843913]}, "properties": {"name": "Drinking-Fountains", "category": "Drinking-Fountains", "group": "outdoor", "hours": "", "access": "", "address": "", "website": ""}}, {"type": "Feature", "geometry": {"type": "Point", "coordinates": [144.9267532596, -37.7962258666]}, "properties": {"name": "Drinking-Fountains", "category": "Drinking-Fountains", "group": "outdoor", "hours": "", "access": "", "address": "", "website": ""}}, {"type": "Feature", "geometry": {"type": "Point", "coordinates": [144.9637759235, -37.8140227226]}, "properties": {"name": "Drinking-Fountains", "category": "Drinking-Fountains", "group": "outdoor", "hours": "", "access": "", "address": "", "website": ""}}, {"type": "Feature", "geometry": {"type": "Point", "coordinates": [144.9683506021, -37.8126177952]}, "properties": {"name": "Drinking-Fountains", "category": "Drinking-Fountains", "group": "outdoor", "hours": "", "access": "", "address": "", "website": ""}}, {"type": "Feature", "geometry": {"type": "Point", "coordinates": [144.9652121508, -37.8123781252]}, "properties": {"name": "Drinking-Fountains", "category": "Drinking-Fountains", "group": "outdoor", "hours": "", "access": "", "address": "", "website": ""}}, {"type": "Feature", "geometry": {"type": "Point", "coordinates": [144.9661332779, -37.8143719984]}, "properties": {"name": "Drinking-Fountains", "category": "Drinking-Fountains", "group": "outdoor", "hours": "", "access": "", "address": "", "website": ""}}, {"type": "Feature", "geometry": {"type": "Point", "coordinates": [144.9651330525, -37.8160054698]}, "properties": {"name": "Drinking-Fountains", "category": "Drinking-Fountains", "group": "outdoor", "hours": "", "access": "", "address": "", "website": ""}}, {"type": "Feature", "geometry": {"type": "Point", "coordinates": [144.9671424014, -37.8110509457]}, "properties": {"name": "Drinking-Fountains", "category": "Drinking-Fountains", "group": "outdoor", "hours": "", "access": "", "address": "", "website": ""}}, {"type": "Feature", "geometry": {"type": "Point", "coordinates": [144.9382688994, -37.8221777221]}, "properties": {"name": "Drinking-Fountains", "category": "Drinking-Fountains", "group": "outdoor", "hours": "", "access": "", "address": "", "website": ""}}, {"type": "Feature", "geometry": {"type": "Point", "coordinates": [144.9793411884, -37.8148665098]}, "properties": {"name": "Drinking-Fountains", "category": "Drinking-Fountains", "group": "outdoor", "hours": "", "access": "", "address": "", "website": ""}}, {"type": "Feature", "geometry": {"type": "Point", "coordinates": [144.9711101706, -37.8021863471]}, "properties": {"name": "Drinking-Fountains", "category": "Drinking-Fountains", "group": "outdoor", "hours": "", "access": "", "address": "", "website": ""}}, {"type": "Feature", "geometry": {"type": "Point", "coordinates": [144.9721173794, -37.8246965972]}, "properties": {"name": "Drinking-Fountains", "category": "Drinking-Fountains", "group": "outdoor", "hours": "", "access": "", "address": "", "website": ""}}, {"type": "Feature", "geometry": {"type": "Point", "coordinates": [144.9510873744, -37.7807309449]}, "properties": {"name": "Drinking-Fountains", "category": "Drinking-Fountains", "group": "outdoor", "hours": "", "access": "", "address": "", "website": ""}}, {"type": "Feature", "geometry": {"type": "Point", "coordinates": [144.9586215867, -37.8110050674]}, "properties": {"name": "Drinking-Fountains", "category": "Drinking-Fountains", "group": "outdoor", "hours": "", "access": "", "address": "", "website": ""}}, {"type": "Feature", "geometry": {"type": "Point", "coordinates": [144.9634305454, -37.8044376599]}, "properties": {"name": "Drinking-Fountains", "category": "Drinking-Fountains", "group": "outdoor", "hours": "", "access": "", "address": "", "website": ""}}, {"type": "Feature", "geometry": {"type": "Point", "coordinates": [144.9553989556, -37.8163642541]}, "properties": {"name": "Drinking-Fountains", "category": "Drinking-Fountains", "group": "outdoor", "hours": "", "access": "", "address": "", "website": ""}}, {"type": "Feature", "geometry": {"type": "Point", "coordinates": [144.9810666213, -37.8104741528]}, "properties": {"name": "Drinking-Fountains", "category": "Drinking-Fountains", "group": "outdoor", "hours": "", "access": "", "address": "", "website": ""}}, {"type": "Feature", "geometry": {"type": "Point", "coordinates": [144.9642505266, -37.7996158419]}, "properties": {"name": "Drinking-Fountains", "category": "Drinking-Fountains", "group": "outdoor", "hours": "", "access": "", "address": "", "website": ""}}, {"type": "Feature", "geometry": {"type": "Point", "coordinates": [144.9889330269, -37.8123231363]}, "properties": {"name": "Drinking-Fountains", "category": "Drinking-Fountains", "group": "outdoor", "hours": "", "access": "", "address": "", "website": ""}}, {"type": "Feature", "geometry": {"type": "Point", "coordinates": [144.9403190749, -37.8203433861]}, "properties": {"name": "Drinking-Fountains", "category": "Drinking-Fountains", "group": "outdoor", "hours": "", "access": "", "address": "", "website": ""}}, {"type": "Feature", "geometry": {"type": "Point", "coordinates": [144.9892411694, -37.8132871474]}, "properties": {"name": "Drinking-Fountains", "category": "Drinking-Fountains", "group": "outdoor", "hours": "", "access": "", "address": "", "website": ""}}, {"type": "Feature", "geometry": {"type": "Point", "coordinates": [144.9450105115, -37.808730076]}, "properties": {"name": "Drinking-Fountains", "category": "Drinking-Fountains", "group": "outdoor", "hours": "", "access": "", "address": "", "website": ""}}, {"type": "Feature", "geometry": {"type": "Point", "coordinates": [144.9430288273, -37.8209361546]}, "properties": {"name": "Drinking-Fountains", "category": "Drinking-Fountains", "group": "outdoor", "hours": "", "access": "", "address": "", "website": ""}}, {"type": "Feature", "geometry": {"type": "Point", "coordinates": [144.9807241141, -37.8116516908]}, "properties": {"name": "Drinking-Fountains", "category": "Drinking-Fountains", "group": "outdoor", "hours": "", "access": "", "address": "", "website": ""}}, {"type": "Feature", "geometry": {"type": "Point", "coordinates": [144.9830719386, -37.8106933286]}, "properties": {"name": "Drinking-Fountains", "category": "Drinking-Fountains", "group": "outdoor", "hours": "", "access": "", "address": "", "website": ""}}, {"type": "Feature", "geometry": {"type": "Point", "coordinates": [144.9822671588, -37.815691536]}, "properties": {"name": "Drinking-Fountains", "category": "Drinking-Fountains", "group": "outdoor", "hours": "", "access": "", "address": "", "website": ""}}, {"type": "Feature", "geometry": {"type": "Point", "coordinates": [144.9402813639, -37.7992271054]}, "properties": {"name": "Drinking-Fountains", "category": "Drinking-Fountains", "group": "outdoor", "hours": "", "access": "", "address": "", "website": ""}}, {"type": "Feature", "geometry": {"type": "Point", "coordinates": [144.9425667769, -37.805666027]}, "properties": {"name": "Drinking-Fountains", "category": "Drinking-Fountains", "group": "outdoor", "hours": "", "access": "", "address": "", "website": ""}}, {"type": "Feature", "geometry": {"type": "Point", "coordinates": [144.9504176699, -37.7992485529]}, "properties": {"name": "Drinking-Fountains", "category": "Drinking-Fountains", "group": "outdoor", "hours": "", "access": "", "address": "", "website": ""}}, {"type": "Feature", "geometry": {"type": "Point", "coordinates": [144.9783010022, -37.8251430893]}, "properties": {"name": "Drinking-Fountains", "category": "Drinking-Fountains", "group": "outdoor", "hours": "", "access": "", "address": "", "website": ""}}, {"type": "Feature", "geometry": {"type": "Point", "coordinates": [144.959446495, -37.7871450444]}, "properties": {"name": "Drinking-Fountains", "category": "Drinking-Fountains", "group": "outdoor", "hours": "", "access": "", "address": "", "website": ""}}, {"type": "Feature", "geometry": {"type": "Point", "coordinates": [144.9726495306, -37.8302852543]}, "properties": {"name": "Drinking-Fountains", "category": "Drinking-Fountains", "group": "outdoor", "hours": "", "access": "", "address": "", "website": ""}}, {"type": "Feature", "geometry": {"type": "Point", "coordinates": [144.9728310038, -37.8021139838]}, "properties": {"name": "Drinking-Fountains", "category": "Drinking-Fountains", "group": "outdoor", "hours": "", "access": "", "address": "", "website": ""}}, {"type": "Feature", "geometry": {"type": "Point", "coordinates": [144.9844273773, -37.8425146]}, "properties": {"name": "Drinking-Fountains", "category": "Drinking-Fountains", "group": "outdoor", "hours": "", "access": "", "address": "", "website": ""}}, {"type": "Feature", "geometry": {"type": "Point", "coordinates": [144.9707469421, -37.8015432402]}, "properties": {"name": "Drinking-Fountains", "category": "Drinking-Fountains", "group": "outdoor", "hours": "", "access": "", "address": "", "website": ""}}, {"type": "Feature", "geometry": {"type": "Point", "coordinates": [144.9554472984, -37.7897418859]}, "properties": {"name": "Drinking-Fountains", "category": "Drinking-Fountains", "group": "outdoor", "hours": "", "access": "", "address": "", "website": ""}}, {"type": "Feature", "geometry": {"type": "Point", "coordinates": [144.9517569113, -37.7916643452]}, "properties": {"name": "Drinking-Fountains", "category": "Drinking-Fountains", "group": "outdoor", "hours": "", "access": "", "address": "", "website": ""}}, {"type": "Feature", "geometry": {"type": "Point", "coordinates": [144.9769841619, -37.8242453505]}, "properties": {"name": "Drinking-Fountains", "category": "Drinking-Fountains", "group": "outdoor", "hours": "", "access": "", "address": "", "website": ""}}, {"type": "Feature", "geometry": {"type": "Point", "coordinates": [144.9555839553, -37.8104310656]}, "properties": {"name": "Drinking-Fountains", "category": "Drinking-Fountains", "group": "outdoor", "hours": "", "access": "", "address": "", "website": ""}}, {"type": "Feature", "geometry": {"type": "Point", "coordinates": [144.9450984668, -37.7902878157]}, "properties": {"name": "Drinking-Fountains", "category": "Drinking-Fountains", "group": "outdoor", "hours": "", "access": "", "address": "", "website": ""}}, {"type": "Feature", "geometry": {"type": "Point", "coordinates": [144.961680408, -37.7786303992]}, "properties": {"name": "Drinking-Fountains", "category": "Drinking-Fountains", "group": "outdoor", "hours": "", "access": "", "address": "", "website": ""}}, {"type": "Feature", "geometry": {"type": "Point", "coordinates": [144.9615312741, -37.8260585496]}, "properties": {"name": "Drinking-Fountains", "category": "Drinking-Fountains", "group": "outdoor", "hours": "", "access": "", "address": "", "website": ""}}, {"type": "Feature", "geometry": {"type": "Point", "coordinates": [144.9564033738, -37.7914813788]}, "properties": {"name": "Drinking-Fountains", "category": "Drinking-Fountains", "group": "outdoor", "hours": "", "access": "", "address": "", "website": ""}}, {"type": "Feature", "geometry": {"type": "Point", "coordinates": [144.9464489935, -37.7963935647]}, "properties": {"name": "Drinking-Fountains", "category": "Drinking-Fountains", "group": "outdoor", "hours": "", "access": "", "address": "", "website": ""}}, {"type": "Feature", "geometry": {"type": "Point", "coordinates": [144.9624617398, -37.7886679715]}, "properties": {"name": "Drinking-Fountains", "category": "Drinking-Fountains", "group": "outdoor", "hours": "", "access": "", "address": "", "website": ""}}, {"type": "Feature", "geometry": {"type": "Point", "coordinates": [144.9226308048, -37.7925641622]}, "properties": {"name": "Drinking-Fountains", "category": "Drinking-Fountains", "group": "outdoor", "hours": "", "access": "", "address": "", "website": ""}}, {"type": "Feature", "geometry": {"type": "Point", "coordinates": [144.9450285734, -37.7963006586]}, "properties": {"name": "Drinking-Fountains", "category": "Drinking-Fountains", "group": "outdoor", "hours": "", "access": "", "address": "", "website": ""}}, {"type": "Feature", "geometry": {"type": "Point", "coordinates": [144.9159122542, -37.7945145497]}, "properties": {"name": "Drinking-Fountains", "category": "Drinking-Fountains", "group": "outdoor", "hours": "", "access": "", "address": "", "website": ""}}, {"type": "Feature", "geometry": {"type": "Point", "coordinates": [144.9260641111, -37.7978675099]}, "properties": {"name": "Drinking-Fountains", "category": "Drinking-Fountains", "group": "outdoor", "hours": "", "access": "", "address": "", "website": ""}}, {"type": "Feature", "geometry": {"type": "Point", "coordinates": [144.9606174007, -37.8264611078]}, "properties": {"name": "Drinking-Fountains", "category": "Drinking-Fountains", "group": "outdoor", "hours": "", "access": "", "address": "", "website": ""}}, {"type": "Feature", "geometry": {"type": "Point", "coordinates": [144.9597414409, -37.8201720568]}, "properties": {"name": "Drinking-Fountains", "category": "Drinking-Fountains", "group": "outdoor", "hours": "", "access": "", "address": "", "website": ""}}, {"type": "Feature", "geometry": {"type": "Point", "coordinates": [144.9661309805, -37.8234720649]}, "properties": {"name": "Drinking-Fountains", "category": "Drinking-Fountains", "group": "outdoor", "hours": "", "access": "", "address": "", "website": ""}}, {"type": "Feature", "geometry": {"type": "Point", "coordinates": [144.9738845668, -37.8214423453]}, "properties": {"name": "Drinking-Fountains", "category": "Drinking-Fountains", "group": "outdoor", "hours": "", "access": "", "address": "", "website": ""}}, {"type": "Feature", "geometry": {"type": "Point", "coordinates": [144.9445832453, -37.8218385017]}, "properties": {"name": "Drinking-Fountains", "category": "Drinking-Fountains", "group": "outdoor", "hours": "", "access": "", "address": "", "website": ""}}, {"type": "Feature", "geometry": {"type": "Point", "coordinates": [144.9626697628, -37.8075298427]}, "properties": {"name": "Drinking-Fountains", "category": "Drinking-Fountains", "group": "outdoor", "hours": "", "access": "", "address": "", "website": ""}}, {"type": "Feature", "geometry": {"type": "Point", "coordinates": [144.9435712655, -37.8133711221]}, "properties": {"name": "Drinking-Fountains", "category": "Drinking-Fountains", "group": "outdoor", "hours": "", "access": "", "address": "", "website": ""}}, {"type": "Feature", "geometry": {"type": "Point", "coordinates": [144.9777429708, -37.8144364668]}, "properties": {"name": "Drinking-Fountains", "category": "Drinking-Fountains", "group": "outdoor", "hours": "", "access": "", "address": "", "website": ""}}, {"type": "Feature", "geometry": {"type": "Point", "coordinates": [144.9749027729, -37.8137059254]}, "properties": {"name": "Drinking-Fountains", "category": "Drinking-Fountains", "group": "outdoor", "hours": "", "access": "", "address": "", "website": ""}}, {"type": "Feature", "geometry": {"type": "Point", "coordinates": [144.9645523818, -37.8170540118]}, "properties": {"name": "Drinking-Fountains", "category": "Drinking-Fountains", "group": "outdoor", "hours": "", "access": "", "address": "", "website": ""}}, {"type": "Feature", "geometry": {"type": "Point", "coordinates": [144.9474533261, -37.8217811982]}, "properties": {"name": "Drinking-Fountains", "category": "Drinking-Fountains", "group": "outdoor", "hours": "", "access": "", "address": "", "website": ""}}, {"type": "Feature", "geometry": {"type": "Point", "coordinates": [144.9239007571, -37.7909608618]}, "properties": {"name": "Drinking-Fountains", "category": "Drinking-Fountains", "group": "outdoor", "hours": "", "access": "", "address": "", "website": ""}}, {"type": "Feature", "geometry": {"type": "Point", "coordinates": [144.9759999321, -37.8158470653]}, "properties": {"name": "Drinking-Fountains", "category": "Drinking-Fountains", "group": "outdoor", "hours": "", "access": "", "address": "", "website": ""}}, {"type": "Feature", "geometry": {"type": "Point", "coordinates": [144.9668217495, -37.8158782104]}, "properties": {"name": "Drinking-Fountains", "category": "Drinking-Fountains", "group": "outdoor", "hours": "", "access": "", "address": "", "website": ""}}, {"type": "Feature", "geometry": {"type": "Point", "coordinates": [144.9727913956, -37.8187810978]}, "properties": {"name": "Drinking-Fountains", "category": "Drinking-Fountains", "group": "outdoor", "hours": "", "access": "", "address": "", "website": ""}}, {"type": "Feature", "geometry": {"type": "Point", "coordinates": [144.9674848, -37.7973648]}, "properties": {"name": "Shelter", "category": "Shelter", "group": "outdoor", "hours": "", "access": "", "address": "", "website": ""}}, {"type": "Feature", "geometry": {"type": "Point", "coordinates": [144.9621456737926, -37.80016507177489]}, "properties": {"name": "Shelter", "category": "Shelter", "group": "outdoor", "hours": "", "access": "", "address": "", "website": ""}}, {"type": "Feature", "geometry": {"type": "Point", "coordinates": [144.96183527182077, -37.800130652273175]}, "properties": {"name": "Shelter", "category": "Shelter", "group": "outdoor", "hours": "", "access": "", "address": "", "website": ""}}, {"type": "Feature", "geometry": {"type": "Point", "coordinates": [144.96075839797277, -37.80014073047382]}, "properties": {"name": "Shelter", "category": "Shelter", "group": "outdoor", "hours": "", "access": "", "address": "", "website": ""}}, {"type": "Feature", "geometry": {"type": "Point", "coordinates": [144.96047014559207, -37.800109574038636]}, "properties": {"name": "Shelter", "category": "Shelter", "group": "outdoor", "hours": "", "access": "", "address": "", "website": ""}}, {"type": "Feature", "geometry": {"type": "Point", "coordinates": [144.96949045, -37.80111275]}, "properties": {"name": "Shelter", "category": "Shelter", "group": "outdoor", "hours": "", "access": "", "address": "", "website": ""}}, {"type": "Feature", "geometry": {"type": "Point", "coordinates": [144.96509482835438, -37.80043224777257]}, "properties": {"name": "Shelter", "category": "Shelter", "group": "outdoor", "hours": "", "access": "", "address": "", "website": ""}}, {"type": "Feature", "geometry": {"type": "Point", "coordinates": [144.96458947221984, -37.80057385249766]}, "properties": {"name": "Shelter", "category": "Shelter", "group": "outdoor", "hours": "", "access": "", "address": "", "website": ""}}, {"type": "Feature", "geometry": {"type": "Point", "coordinates": [144.96014939999998, -37.8000748]}, "properties": {"name": "Shelter", "category": "Shelter", "group": "outdoor", "hours": "", "access": "", "address": "", "website": ""}}, {"type": "Feature", "geometry": {"type": "Point", "coordinates": [144.95104410891483, -37.81628308345914]}, "properties": {"name": "Shelter", "category": "Shelter", "group": "outdoor", "hours": "", "access": "", "address": "", "website": ""}}, {"type": "Feature", "geometry": {"type": "Point", "coordinates": [144.95393082608044, -37.818437267945434]}, "properties": {"name": "Shelter", "category": "Shelter", "group": "outdoor", "hours": "", "access": "", "address": "", "website": ""}}, {"type": "Feature", "geometry": {"type": "Point", "coordinates": [144.9540067455632, -37.818602318343935]}, "properties": {"name": "Shelter", "category": "Shelter", "group": "outdoor", "hours": "", "access": "", "address": "", "website": ""}}, {"type": "Feature", "geometry": {"type": "Point", "coordinates": [144.953763194976, -37.81837130626377]}, "properties": {"name": "Shelter", "category": "Shelter", "group": "outdoor", "hours": "", "access": "", "address": "", "website": ""}}, {"type": "Feature", "geometry": {"type": "Point", "coordinates": [144.9538136010335, -37.8184810726509]}, "properties": {"name": "Shelter", "category": "Shelter", "group": "outdoor", "hours": "", "access": "", "address": "", "website": ""}}, {"type": "Feature", "geometry": {"type": "Point", "coordinates": [144.95388294886808, -37.818629626351346]}, "properties": {"name": "Shelter", "category": "Shelter", "group": "outdoor", "hours": "", "access": "", "address": "", "website": ""}}, {"type": "Feature", "geometry": {"type": "Point", "coordinates": [144.94804675592306, -37.82056804399041]}, "properties": {"name": "MPavillion 2015", "category": "Shelter", "group": "outdoor", "hours": "", "access": "", "address": "", "website": "https://mpavilion.org/past-seasons/"}}, {"type": "Feature", "geometry": {"type": "Point", "coordinates": [144.95043059999998, -37.82009925]}, "properties": {"name": "Shelter", "category": "Shelter", "group": "outdoor", "hours": "", "access": "", "address": "", "website": ""}}, {"type": "Feature", "geometry": {"type": "Point", "coordinates": [144.95034147201213, -37.82021618403846]}, "properties": {"name": "Shelter", "category": "Shelter", "group": "outdoor", "hours": "", "access": "", "address": "", "website": ""}}, {"type": "Feature", "geometry": {"type": "Point", "coordinates": [144.95046652943466, -37.82017946571717]}, "properties": {"name": "Shelter", "category": "Shelter", "group": "outdoor", "hours": "", "access": "", "address": "", "website": ""}}, {"type": "Feature", "geometry": {"type": "Point", "coordinates": [144.94826715293, -37.82081972242217]}, "properties": {"name": "Shelter", "category": "Shelter", "group": "outdoor", "hours": "", "access": "", "address": "", "website": ""}}, {"type": "Feature", "geometry": {"type": "Point", "coordinates": [144.94785374999998, -37.8208419]}, "properties": {"name": "Shelter", "category": "Shelter", "group": "outdoor", "hours": "", "access": "", "address": "", "website": ""}}, {"type": "Feature", "geometry": {"type": "Point", "coordinates": [144.94752225, -37.8217576]}, "properties": {"name": "Shelter", "category": "Shelter", "group": "outdoor", "hours": "", "access": "", "address": "", "website": ""}}, {"type": "Feature", "geometry": {"type": "Point", "coordinates": [144.94753534999998, -37.82180944999999]}, "properties": {"name": "Shelter", "category": "Shelter", "group": "outdoor", "hours": "", "access": "", "address": "", "website": ""}}, {"type": "Feature", "geometry": {"type": "Point", "coordinates": [144.9446174, -37.8143056]}, "properties": {"name": "Shelter", "category": "Shelter", "group": "outdoor", "hours": "", "access": "", "address": "", "website": ""}}, {"type": "Feature", "geometry": {"type": "Point", "coordinates": [144.9448178, -37.8145063]}, "properties": {"name": "Shelter", "category": "Shelter", "group": "outdoor", "hours": "", "access": "", "address": "", "website": ""}}, {"type": "Feature", "geometry": {"type": "Point", "coordinates": [144.9445789, -37.8142182]}, "properties": {"name": "Shelter", "category": "Shelter", "group": "outdoor", "hours": "", "access": "", "address": "", "website": ""}}, {"type": "Feature", "geometry": {"type": "Point", "coordinates": [144.9448695, -37.8146341]}, "properties": {"name": "Shelter", "category": "Shelter", "group": "outdoor", "hours": "", "access": "", "address": "", "website": ""}}, {"type": "Feature", "geometry": {"type": "Point", "coordinates": [144.9447652, -37.8143722]}, "properties": {"name": "Shelter", "category": "Shelter", "group": "outdoor", "hours": "", "access": "", "address": "", "website": ""}}, {"type": "Feature", "geometry": {"type": "Point", "coordinates": [144.9409749694236, -37.820872793804654]}, "properties": {"name": "Shelter", "category": "Shelter", "group": "outdoor", "hours": "", "access": "", "address": "", "website": ""}}, {"type": "Feature", "geometry": {"type": "Point", "coordinates": [144.9452882, -37.8214978]}, "properties": {"name": "Shelter", "category": "Shelter", "group": "outdoor", "hours": "", "access": "", "address": "", "website": ""}}, {"type": "Feature", "geometry": {"type": "Point", "coordinates": [144.94541060302376, -37.821488470109415]}, "properties": {"name": "Shelter", "category": "Shelter", "group": "outdoor", "hours": "", "access": "", "address": "", "website": ""}}, {"type": "Feature", "geometry": {"type": "Point", "coordinates": [144.9882477188698, -37.81150886050683]}, "properties": {"name": "Shelter", "category": "Shelter", "group": "outdoor", "hours": "", "access": "", "address": "", "website": ""}}, {"type": "Feature", "geometry": {"type": "Point", "coordinates": [144.99099067128878, -37.812658470194144]}, "properties": {"name": "Shelter", "category": "Shelter", "group": "outdoor", "hours": "", "access": "", "address": "", "website": ""}}, {"type": "Feature", "geometry": {"type": "Point", "coordinates": [144.99071079586778, -37.81249147282813]}, "properties": {"name": "Shelter", "category": "Shelter", "group": "outdoor", "hours": "", "access": "", "address": "", "website": ""}}, {"type": "Feature", "geometry": {"type": "Point", "coordinates": [144.99105927156577, -37.81044681562653]}, "properties": {"name": "Shelter", "category": "Shelter", "group": "outdoor", "hours": "", "access": "", "address": "", "website": ""}}, {"type": "Feature", "geometry": {"type": "Point", "coordinates": [144.99036042272675, -37.809788221869745]}, "properties": {"name": "Shelter", "category": "Shelter", "group": "outdoor", "hours": "", "access": "", "address": "", "website": ""}}, {"type": "Feature", "geometry": {"type": "Point", "coordinates": [144.99060565, -37.80970835]}, "properties": {"name": "Shelter", "category": "Shelter", "group": "outdoor", "hours": "", "access": "", "address": "", "website": ""}}, {"type": "Feature", "geometry": {"type": "Point", "coordinates": [144.98596995, -37.80933715]}, "properties": {"name": "Shelter", "category": "Shelter", "group": "outdoor", "hours": "", "access": "", "address": "", "website": ""}}, {"type": "Feature", "geometry": {"type": "Point", "coordinates": [144.9859575784429, -37.80922762294673]}, "properties": {"name": "Shelter", "category": "Shelter", "group": "outdoor", "hours": "", "access": "", "address": "", "website": ""}}, {"type": "Feature", "geometry": {"type": "Point", "coordinates": [144.9746143, -37.8084109]}, "properties": {"name": "Shelter", "category": "Shelter", "group": "outdoor", "hours": "", "access": "", "address": "", "website": ""}}, {"type": "Feature", "geometry": {"type": "Point", "coordinates": [144.97631259069243, -37.80833032455079]}, "properties": {"name": "Historic Shelter", "category": "Shelter", "group": "outdoor", "hours": "", "access": "", "address": "", "website": ""}}, {"type": "Feature", "geometry": {"type": "Point", "coordinates": [144.97887562801475, -37.80856954737765]}, "properties": {"name": "Shelter", "category": "Shelter", "group": "outdoor", "hours": "", "access": "", "address": "", "website": ""}}, {"type": "Feature", "geometry": {"type": "Point", "coordinates": [144.9783789530911, -37.80842237568114]}, "properties": {"name": "Shelter", "category": "Shelter", "group": "outdoor", "hours": "", "access": "", "address": "", "website": ""}}, {"type": "Feature", "geometry": {"type": "Point", "coordinates": [144.9763357, -37.8082001]}, "properties": {"name": "Shelter", "category": "Shelter", "group": "outdoor", "hours": "", "access": "", "address": "", "website": ""}}, {"type": "Feature", "geometry": {"type": "Point", "coordinates": [144.97624109999998, -37.80830065]}, "properties": {"name": "Shelter", "category": "Shelter", "group": "outdoor", "hours": "", "access": "", "address": "", "website": ""}}, {"type": "Feature", "geometry": {"type": "Point", "coordinates": [144.9763941, -37.80831645]}, "properties": {"name": "Shelter", "category": "Shelter", "group": "outdoor", "hours": "", "access": "", "address": "", "website": ""}}, {"type": "Feature", "geometry": {"type": "Point", "coordinates": [144.9736201, -37.80801615]}, "properties": {"name": "Shelter", "category": "Shelter", "group": "outdoor", "hours": "", "access": "", "address": "", "website": ""}}, {"type": "Feature", "geometry": {"type": "Point", "coordinates": [144.9823632, -37.8281523]}, "properties": {"name": "Clematis Pavilion", "category": "Shelter", "group": "outdoor", "hours": "", "access": "", "address": "", "website": ""}}, {"type": "Feature", "geometry": {"type": "Point", "coordinates": [144.9832856, -37.8168266]}, "properties": {"name": "Shelter", "category": "Shelter", "group": "outdoor", "hours": "", "access": "", "address": "", "website": ""}}, {"type": "Feature", "geometry": {"type": "Point", "coordinates": [144.9887772, -37.8211439]}, "properties": {"name": "Shelter", "category": "Shelter", "group": "outdoor", "hours": "", "access": "", "address": "", "website": ""}}, {"type": "Feature", "geometry": {"type": "Point", "coordinates": [144.9819224, -37.8188546]}, "properties": {"name": "Shelter", "category": "Shelter", "group": "outdoor", "hours": "", "access": "", "address": "", "website": ""}}, {"type": "Feature", "geometry": {"type": "Point", "coordinates": [144.9752503472829, -37.82565228771955]}, "properties": {"name": "Shelter", "category": "Shelter", "group": "outdoor", "hours": "", "access": "", "address": "", "website": ""}}, {"type": "Feature", "geometry": {"type": "Point", "coordinates": [144.97182115, -37.8223094]}, "properties": {"name": "The Janet Lady Clarke Memorial", "category": "Shelter", "group": "outdoor", "hours": "", "access": "", "address": "", "website": ""}}, {"type": "Feature", "geometry": {"type": "Point", "coordinates": [144.97889967665367, -37.82668106450051]}, "properties": {"name": "Temple of the Winds", "category": "Shelter", "group": "outdoor", "hours": "", "access": "", "address": "", "website": ""}}, {"type": "Feature", "geometry": {"type": "Point", "coordinates": [144.97123927419173, -37.82907762895523]}, "properties": {"name": "Shelter", "category": "Shelter", "group": "outdoor", "hours": "", "access": "", "address": "", "website": ""}}, {"type": "Feature", "geometry": {"type": "Point", "coordinates": [144.9712338195444, -37.82921937493579]}, "properties": {"name": "Shelter", "category": "Shelter", "group": "outdoor", "hours": "", "access": "", "address": "", "website": ""}}, {"type": "Feature", "geometry": {"type": "Point", "coordinates": [144.9713905706117, -37.828522351638284]}, "properties": {"name": "Shelter", "category": "Shelter", "group": "outdoor", "hours": "", "access": "", "address": "", "website": ""}}, {"type": "Feature", "geometry": {"type": "Point", "coordinates": [144.9713774, -37.82868325]}, "properties": {"name": "Shelter", "category": "Shelter", "group": "outdoor", "hours": "", "access": "", "address": "", "website": ""}}, {"type": "Feature", "geometry": {"type": "Point", "coordinates": [144.98339430000001, -37.8293159]}, "properties": {"name": "Separation Tree Rest House", "category": "Shelter", "group": "outdoor", "hours": "", "access": "", "address": "", "website": ""}}, {"type": "Feature", "geometry": {"type": "Point", "coordinates": [144.9867136198254, -37.82400752606947]}, "properties": {"name": "Shelter", "category": "Shelter", "group": "outdoor", "hours": "", "access": "", "address": "", "website": ""}}, {"type": "Feature", "geometry": {"type": "Point", "coordinates": [144.98686578014275, -37.82402269035825]}, "properties": {"name": "Shelter", "category": "Shelter", "group": "outdoor", "hours": "", "access": "", "address": "", "website": ""}}, {"type": "Feature", "geometry": {"type": "Point", "coordinates": [144.97924022595743, -37.82934031382283]}, "properties": {"name": "Rose Pavilion", "category": "Shelter", "group": "outdoor", "hours": "", "access": "", "address": "", "website": ""}}, {"type": "Feature", "geometry": {"type": "Point", "coordinates": [144.98306639999998, -37.81646675]}, "properties": {"name": "Shelter", "category": "Shelter", "group": "outdoor", "hours": "", "access": "", "address": "", "website": ""}}, {"type": "Feature", "geometry": {"type": "Point", "coordinates": [144.98454408684972, -37.81663556771344]}, "properties": {"name": "Shelter", "category": "Shelter", "group": "outdoor", "hours": "", "access": "", "address": "", "website": ""}}, {"type": "Feature", "geometry": {"type": "Point", "coordinates": [144.98454725, -37.81651075]}, "properties": {"name": "Shelter", "category": "Shelter", "group": "outdoor", "hours": "", "access": "", "address": "", "website": ""}}, {"type": "Feature", "geometry": {"type": "Point", "coordinates": [144.98173599583686, -37.81280175469287]}, "properties": {"name": "Temple of the Winds", "category": "Shelter", "group": "outdoor", "hours": "", "access": "", "address": "", "website": ""}}, {"type": "Feature", "geometry": {"type": "Point", "coordinates": [144.98265065, -37.81181135]}, "properties": {"name": "Band Pavilion", "category": "Shelter", "group": "outdoor", "hours": "", "access": "", "address": "", "website": ""}}, {"type": "Feature", "geometry": {"type": "Point", "coordinates": [144.982778075971, -37.80887997825084]}, "properties": {"name": "Shelter", "category": "Shelter", "group": "outdoor", "hours": "", "access": "", "address": "", "website": ""}}, {"type": "Feature", "geometry": {"type": "Point", "coordinates": [144.9839698288039, -37.80878407800154]}, "properties": {"name": "Shelter", "category": "Shelter", "group": "outdoor", "hours": "", "access": "", "address": "", "website": ""}}, {"type": "Feature", "geometry": {"type": "Point", "coordinates": [144.98218007597097, -37.80892587825085]}, "properties": {"name": "Shelter", "category": "Shelter", "group": "outdoor", "hours": "", "access": "", "address": "", "website": ""}}, {"type": "Feature", "geometry": {"type": "Point", "coordinates": [144.9159521, -37.7944639]}, "properties": {"name": "Shelter", "category": "Shelter", "group": "outdoor", "hours": "", "access": "", "address": "", "website": ""}}, {"type": "Feature", "geometry": {"type": "Point", "coordinates": [144.9173864, -37.7872314]}, "properties": {"name": "Shelter", "category": "Shelter", "group": "outdoor", "hours": "", "access": "", "address": "", "website": ""}}, {"type": "Feature", "geometry": {"type": "Point", "coordinates": [144.91209154690947, -37.78544045927884]}, "properties": {"name": "Shelter", "category": "Shelter", "group": "outdoor", "hours": "", "access": "", "address": "", "website": ""}}, {"type": "Feature", "geometry": {"type": "Point", "coordinates": [144.91076314690946, -37.785765959278834]}, "properties": {"name": "Shelter", "category": "Shelter", "group": "outdoor", "hours": "", "access": "", "address": "", "website": ""}}, {"type": "Feature", "geometry": {"type": "Point", "coordinates": [144.9124644, -37.78532195]}, "properties": {"name": "Shelter", "category": "Shelter", "group": "outdoor", "hours": "", "access": "", "address": "", "website": ""}}, {"type": "Feature", "geometry": {"type": "Point", "coordinates": [144.9105964, -37.7852347]}, "properties": {"name": "Shelter", "category": "Shelter", "group": "outdoor", "hours": "", "access": "", "address": "", "website": ""}}, {"type": "Feature", "geometry": {"type": "Point", "coordinates": [144.91114004598535, -37.78569419321406]}, "properties": {"name": "Shelter", "category": "Shelter", "group": "outdoor", "hours": "", "access": "", "address": "", "website": ""}}, {"type": "Feature", "geometry": {"type": "Point", "coordinates": [144.916670949272, -37.78414019949908]}, "properties": {"name": "Shelter", "category": "Shelter", "group": "outdoor", "hours": "", "access": "", "address": "", "website": ""}}, {"type": "Feature", "geometry": {"type": "Point", "coordinates": [144.91702573222182, -37.784220556893175]}, "properties": {"name": "Shelter", "category": "Shelter", "group": "outdoor", "hours": "", "access": "", "address": "", "website": ""}}, {"type": "Feature", "geometry": {"type": "Point", "coordinates": [144.9054495, -37.79388345]}, "properties": {"name": "Shelter", "category": "Shelter", "group": "outdoor", "hours": "", "access": "", "address": "", "website": ""}}, {"type": "Feature", "geometry": {"type": "Point", "coordinates": [144.90968354819796, -37.78680636758818]}, "properties": {"name": "Shelter", "category": "Shelter", "group": "outdoor", "hours": "", "access": "", "address": "", "website": ""}}, {"type": "Feature", "geometry": {"type": "Point", "coordinates": [144.9098219, -37.7875199]}, "properties": {"name": "Shelter", "category": "Shelter", "group": "outdoor", "hours": "", "access": "", "address": "", "website": ""}}, {"type": "Feature", "geometry": {"type": "Point", "coordinates": [144.911214, -37.78532603333334]}, "properties": {"name": "Shelter", "category": "Shelter", "group": "outdoor", "hours": "", "access": "", "address": "", "website": ""}}, {"type": "Feature", "geometry": {"type": "Point", "coordinates": [144.90653814244715, -37.78765603680129]}, "properties": {"name": "Shelter", "category": "Shelter", "group": "outdoor", "hours": "", "access": "", "address": "", "website": ""}}, {"type": "Feature", "geometry": {"type": "Point", "coordinates": [144.90617916326025, -37.78786529477535]}, "properties": {"name": "Flemington Racecourse Meeting Point", "category": "Shelter", "group": "outdoor", "hours": "", "access": "", "address": "", "website": ""}}, {"type": "Feature", "geometry": {"type": "Point", "coordinates": [144.9067326985211, -37.78806340726311]}, "properties": {"name": "Shelter", "category": "Shelter", "group": "outdoor", "hours": "", "access": "", "address": "", "website": ""}}, {"type": "Feature", "geometry": {"type": "Point", "coordinates": [144.9068499059267, -37.787975314186006]}, "properties": {"name": "Shelter", "category": "Shelter", "group": "outdoor", "hours": "", "access": "", "address": "", "website": ""}}, {"type": "Feature", "geometry": {"type": "Point", "coordinates": [144.90692870592673, -37.787928414186005]}, "properties": {"name": "Shelter", "category": "Shelter", "group": "outdoor", "hours": "", "access": "", "address": "", "website": ""}}, {"type": "Feature", "geometry": {"type": "Point", "coordinates": [144.90701586322544, -37.78787861047091]}, "properties": {"name": "Shelter", "category": "Shelter", "group": "outdoor", "hours": "", "access": "", "address": "", "website": ""}}, {"type": "Feature", "geometry": {"type": "Point", "coordinates": [144.91019663501535, -37.787603645853444]}, "properties": {"name": "Shelter", "category": "Shelter", "group": "outdoor", "hours": "", "access": "", "address": "", "website": ""}}, {"type": "Feature", "geometry": {"type": "Point", "coordinates": [144.90310828783518, -37.79172296352531]}, "properties": {"name": "Shelter", "category": "Shelter", "group": "outdoor", "hours": "", "access": "", "address": "", "website": ""}}, {"type": "Feature", "geometry": {"type": "Point", "coordinates": [144.90445626510797, -37.79247924850016]}, "properties": {"name": "Shelter", "category": "Shelter", "group": "outdoor", "hours": "", "access": "", "address": "", "website": ""}}, {"type": "Feature", "geometry": {"type": "Point", "coordinates": [144.9335457, -37.7886087]}, "properties": {"name": "Shelter", "category": "Shelter", "group": "outdoor", "hours": "", "access": "", "address": "", "website": ""}}, {"type": "Feature", "geometry": {"type": "Point", "coordinates": [144.9205001, -37.7965956]}, "properties": {"name": "Shelter", "category": "Shelter", "group": "outdoor", "hours": "", "access": "", "address": "", "website": ""}}, {"type": "Feature", "geometry": {"type": "Point", "coordinates": [144.92411425117672, -37.799442367444726]}, "properties": {"name": "Shelter", "category": "Shelter", "group": "outdoor", "hours": "", "access": "", "address": "", "website": ""}}, {"type": "Feature", "geometry": {"type": "Point", "coordinates": [144.9261957, -37.788596]}, "properties": {"name": "Shelter", "category": "Shelter", "group": "outdoor", "hours": "", "access": "", "address": "", "website": ""}}, {"type": "Feature", "geometry": {"type": "Point", "coordinates": [144.92570610591494, -37.79009491944878]}, "properties": {"name": "Shelter", "category": "Shelter", "group": "outdoor", "hours": "", "access": "", "address": "", "website": ""}}, {"type": "Feature", "geometry": {"type": "Point", "coordinates": [144.92524519936345, -37.78945233324911]}, "properties": {"name": "Shelter", "category": "Shelter", "group": "outdoor", "hours": "", "access": "", "address": "", "website": ""}}, {"type": "Feature", "geometry": {"type": "Point", "coordinates": [144.9234986236958, -37.79117020775583]}, "properties": {"name": "Shelter", "category": "Shelter", "group": "outdoor", "hours": "", "access": "", "address": "", "website": ""}}, {"type": "Feature", "geometry": {"type": "Point", "coordinates": [144.9284655, -37.7881679]}, "properties": {"name": "Shelter", "category": "Shelter", "group": "outdoor", "hours": "", "access": "", "address": "", "website": ""}}, {"type": "Feature", "geometry": {"type": "Point", "coordinates": [144.926996, -37.7922443]}, "properties": {"name": "Shelter", "category": "Shelter", "group": "outdoor", "hours": "", "access": "", "address": "", "website": ""}}, {"type": "Feature", "geometry": {"type": "Point", "coordinates": [144.9273029, -37.79229195]}, "properties": {"name": "Shelter", "category": "Shelter", "group": "outdoor", "hours": "", "access": "", "address": "", "website": ""}}, {"type": "Feature", "geometry": {"type": "Point", "coordinates": [144.92670881424885, -37.7928423920122]}, "properties": {"name": "Shelter", "category": "Shelter", "group": "outdoor", "hours": "", "access": "", "address": "", "website": ""}}, {"type": "Feature", "geometry": {"type": "Point", "coordinates": [144.92662959143175, -37.792760121213334]}, "properties": {"name": "Shelter", "category": "Shelter", "group": "outdoor", "hours": "", "access": "", "address": "", "website": ""}}, {"type": "Feature", "geometry": {"type": "Point", "coordinates": [144.92654444402228, -37.79256953932549]}, "properties": {"name": "Shelter", "category": "Shelter", "group": "outdoor", "hours": "", "access": "", "address": "", "website": ""}}, {"type": "Feature", "geometry": {"type": "Point", "coordinates": [144.92658670977994, -37.79253872586747]}, "properties": {"name": "Shelter", "category": "Shelter", "group": "outdoor", "hours": "", "access": "", "address": "", "website": ""}}, {"type": "Feature", "geometry": {"type": "Point", "coordinates": [144.92662778112125, -37.79250998454775]}, "properties": {"name": "Shelter", "category": "Shelter", "group": "outdoor", "hours": "", "access": "", "address": "", "website": ""}}, {"type": "Feature", "geometry": {"type": "Point", "coordinates": [144.92654259819759, -37.792639226859364]}, "properties": {"name": "Shelter", "category": "Shelter", "group": "outdoor", "hours": "", "access": "", "address": "", "website": ""}}, {"type": "Feature", "geometry": {"type": "Point", "coordinates": [144.9271068479514, -37.79211993296848]}, "properties": {"name": "Shelter", "category": "Shelter", "group": "outdoor", "hours": "", "access": "", "address": "", "website": ""}}, {"type": "Feature", "geometry": {"type": "Point", "coordinates": [144.92721318158075, -37.79212509029997]}, "properties": {"name": "Shelter", "category": "Shelter", "group": "outdoor", "hours": "", "access": "", "address": "", "website": ""}}, {"type": "Feature", "geometry": {"type": "Point", "coordinates": [144.9238057, -37.7914003]}, "properties": {"name": "Shelter", "category": "Shelter", "group": "outdoor", "hours": "", "access": "", "address": "", "website": ""}}, {"type": "Feature", "geometry": {"type": "Point", "coordinates": [144.94797784195535, -37.77765514603863]}, "properties": {"name": "Shelter", "category": "Shelter", "group": "outdoor", "hours": "", "access": "", "address": "", "website": ""}}, {"type": "Feature", "geometry": {"type": "Point", "coordinates": [144.96200861751424, -37.79165668479962]}, "properties": {"name": "Shelter", "category": "Shelter", "group": "outdoor", "hours": "", "access": "", "address": "", "website": ""}}, {"type": "Feature", "geometry": {"type": "Point", "coordinates": [144.96325751076046, -37.79186207154998]}, "properties": {"name": "Shelter", "category": "Shelter", "group": "outdoor", "hours": "", "access": "", "address": "", "website": ""}}, {"type": "Feature", "geometry": {"type": "Point", "coordinates": [144.94402628121648, -37.783448255863554]}, "properties": {"name": "Shelter", "category": "Shelter", "group": "outdoor", "hours": "", "access": "", "address": "", "website": ""}}, {"type": "Feature", "geometry": {"type": "Point", "coordinates": [144.94347153582618, -37.78462370839824]}, "properties": {"name": "Shelter", "category": "Shelter", "group": "outdoor", "hours": "", "access": "", "address": "", "website": ""}}, {"type": "Feature", "geometry": {"type": "Point", "coordinates": [144.9564174, -37.7914964]}, "properties": {"name": "Shelter", "category": "Shelter", "group": "outdoor", "hours": "", "access": "", "address": "", "website": ""}}, {"type": "Feature", "geometry": {"type": "Point", "coordinates": [144.95070633016005, -37.782803743467575]}, "properties": {"name": "Shelter", "category": "Shelter", "group": "outdoor", "hours": "", "access": "", "address": "", "website": ""}}, {"type": "Feature", "geometry": {"type": "Point", "coordinates": [144.95035478539367, -37.785442734377575]}, "properties": {"name": "Shelter", "category": "Shelter", "group": "outdoor", "hours": "", "access": "", "address": "", "website": ""}}, {"type": "Feature", "geometry": {"type": "Point", "coordinates": [144.95141196237918, -37.78267846251248]}, "properties": {"name": "Shelter", "category": "Shelter", "group": "outdoor", "hours": "", "access": "", "address": "", "website": ""}}, {"type": "Feature", "geometry": {"type": "Point", "coordinates": [144.9524328270677, -37.78450967393841]}, "properties": {"name": "Shelter", "category": "Shelter", "group": "outdoor", "hours": "", "access": "", "address": "", "website": ""}}, {"type": "Feature", "geometry": {"type": "Point", "coordinates": [144.9519353656922, -37.78111247918949]}, "properties": {"name": "Shelter", "category": "Shelter", "group": "outdoor", "hours": "", "access": "", "address": "", "website": ""}}, {"type": "Feature", "geometry": {"type": "Point", "coordinates": [144.95292419999996, -37.7811207]}, "properties": {"name": "Shelter", "category": "Shelter", "group": "outdoor", "hours": "", "access": "", "address": "", "website": ""}}, {"type": "Feature", "geometry": {"type": "Point", "coordinates": [144.95068778621655, -37.78098113153971]}, "properties": {"name": "Shelter", "category": "Shelter", "group": "outdoor", "hours": "", "access": "", "address": "", "website": ""}}, {"type": "Feature", "geometry": {"type": "Point", "coordinates": [144.95078224993864, -37.780880125443936]}, "properties": {"name": "Shelter", "category": "Shelter", "group": "outdoor", "hours": "", "access": "", "address": "", "website": ""}}, {"type": "Feature", "geometry": {"type": "Point", "coordinates": [144.9780678, -37.8435454]}, "properties": {"name": "Shelter", "category": "Shelter", "group": "outdoor", "hours": "", "access": "", "address": "", "website": ""}}, {"type": "Feature", "geometry": {"type": "Point", "coordinates": [144.9763443, -37.8388181]}, "properties": {"name": "Shelter", "category": "Shelter", "group": "outdoor", "hours": "", "access": "", "address": "", "website": ""}}, {"type": "Feature", "geometry": {"type": "Point", "coordinates": [144.97361747215763, -37.83323667334118]}, "properties": {"name": "Shelter", "category": "Shelter", "group": "outdoor", "hours": "", "access": "", "address": "", "website": ""}}, {"type": "Feature", "geometry": {"type": "Point", "coordinates": [144.9426451, -37.8069459]}, "properties": {"name": "Shelter", "category": "Shelter", "group": "outdoor", "hours": "", "access": "", "address": "", "website": ""}}, {"type": "Feature", "geometry": {"type": "Point", "coordinates": [144.9426243, -37.8070646]}, "properties": {"name": "Shelter", "category": "Shelter", "group": "outdoor", "hours": "", "access": "", "address": "", "website": ""}}, {"type": "Feature", "geometry": {"type": "Point", "coordinates": [144.92538451317716, -37.79966425743624]}, "properties": {"name": "Shelter", "category": "Shelter", "group": "outdoor", "hours": "", "access": "", "address": "", "website": ""}}, {"type": "Feature", "geometry": {"type": "Point", "coordinates": [144.92550398521706, -37.79955594777662]}, "properties": {"name": "Shelter", "category": "Shelter", "group": "outdoor", "hours": "", "access": "", "address": "", "website": ""}}, {"type": "Feature", "geometry": {"type": "Point", "coordinates": [144.9685505, -37.8081088]}, "properties": {"name": "Shelter", "category": "Shelter", "group": "outdoor", "hours": "", "access": "", "address": "", "website": ""}}, {"type": "Feature", "geometry": {"type": "Point", "coordinates": [144.9562037, -37.80949555]}, "properties": {"name": "Shelter", "category": "Shelter", "group": "outdoor", "hours": "", "access": "", "address": "", "website": ""}}, {"type": "Feature", "geometry": {"type": "Point", "coordinates": [144.9606813, -37.8152705]}, "properties": {"name": "Shelter", "category": "Shelter", "group": "outdoor", "hours": "", "access": "", "address": "", "website": ""}}, {"type": "Feature", "geometry": {"type": "Point", "coordinates": [144.9554336081829, -37.82101986374319]}, "properties": {"name": "Shelter", "category": "Shelter", "group": "outdoor", "hours": "", "access": "", "address": "", "website": ""}}, {"type": "Feature", "geometry": {"type": "Point", "coordinates": [144.95559416057637, -37.82097310289136]}, "properties": {"name": "Shelter", "category": "Shelter", "group": "outdoor", "hours": "", "access": "", "address": "", "website": ""}}, {"type": "Feature", "geometry": {"type": "Point", "coordinates": [144.95575405000002, -37.82092645]}, "properties": {"name": "Shelter", "category": "Shelter", "group": "outdoor", "hours": "", "access": "", "address": "", "website": ""}}, {"type": "Feature", "geometry": {"type": "Point", "coordinates": [144.96531256699524, -37.818527799741176]}, "properties": {"name": "Shelter", "category": "Shelter", "group": "outdoor", "hours": "", "access": "", "address": "", "website": ""}}, {"type": "Feature", "geometry": {"type": "Point", "coordinates": [144.94169078129707, -37.79136859742646]}, "properties": {"name": "Shelter", "category": "Shelter", "group": "outdoor", "hours": "", "access": "", "address": "", "website": ""}}, {"type": "Feature", "geometry": {"type": "Point", "coordinates": [144.9403078, -37.7936228]}, "properties": {"name": "Shelter", "category": "Shelter", "group": "outdoor", "hours": "", "access": "", "address": "", "website": ""}}, {"type": "Feature", "geometry": {"type": "Point", "coordinates": [144.9801715, -37.8307217]}, "properties": {"name": "Fern Gully Rest House", "category": "Shelter", "group": "outdoor", "hours": "", "access": "", "address": "", "website": ""}}, {"type": "Feature", "geometry": {"type": "Point", "coordinates": [144.9809500776707, -37.829827548182514]}, "properties": {"name": "William Tell Rest House", "category": "Shelter", "group": "outdoor", "hours": "", "access": "", "address": "", "website": ""}}, {"type": "Feature", "geometry": {"type": "Point", "coordinates": [144.98320023503203, -37.83146264460999]}, "properties": {"name": "Tecoma Pavilion", "category": "Shelter", "group": "outdoor", "hours": "", "access": "", "address": "", "website": ""}}, {"type": "Feature", "geometry": {"type": "Point", "coordinates": [144.95511653333335, -37.82710234142395]}, "properties": {"name": "Shelter", "category": "Shelter", "group": "outdoor", "hours": "", "access": "", "address": "", "website": ""}}, {"type": "Feature", "geometry": {"type": "Point", "coordinates": [144.95522094999998, -37.82714695]}, "properties": {"name": "Shelter", "category": "Shelter", "group": "outdoor", "hours": "", "access": "", "address": "", "website": ""}}, {"type": "Feature", "geometry": {"type": "Point", "coordinates": [144.96678765000001, -37.8258433]}, "properties": {"name": "Shelter", "category": "Shelter", "group": "outdoor", "hours": "", "access": "", "address": "", "website": ""}}, {"type": "Feature", "geometry": {"type": "Point", "coordinates": [144.9535522, -37.8091833]}, "properties": {"name": "Shelter", "category": "Shelter", "group": "outdoor", "hours": "", "access": "", "address": "", "website": ""}}, {"type": "Feature", "geometry": {"type": "Point", "coordinates": [144.9536594, -37.809158]}, "properties": {"name": "Shelter", "category": "Shelter", "group": "outdoor", "hours": "", "access": "", "address": "", "website": ""}}, {"type": "Feature", "geometry": {"type": "Point", "coordinates": [144.9537679, -37.8091249]}, "properties": {"name": "Shelter", "category": "Shelter", "group": "outdoor", "hours": "", "access": "", "address": "", "website": ""}}, {"type": "Feature", "geometry": {"type": "Point", "coordinates": [144.9539404, -37.8090733]}, "properties": {"name": "Shelter", "category": "Shelter", "group": "outdoor", "hours": "", "access": "", "address": "", "website": ""}}, {"type": "Feature", "geometry": {"type": "Point", "coordinates": [144.9540686, -37.8090421]}, "properties": {"name": "Shelter", "category": "Shelter", "group": "outdoor", "hours": "", "access": "", "address": "", "website": ""}}, {"type": "Feature", "geometry": {"type": "Point", "coordinates": [144.954166, -37.8090109]}, "properties": {"name": "Shelter", "category": "Shelter", "group": "outdoor", "hours": "", "access": "", "address": "", "website": ""}}, {"type": "Feature", "geometry": {"type": "Point", "coordinates": [144.9537405, -37.8095318]}, "properties": {"name": "Shelter", "category": "Shelter", "group": "outdoor", "hours": "", "access": "", "address": "", "website": ""}}, {"type": "Feature", "geometry": {"type": "Point", "coordinates": [144.9536994, -37.8095474]}, "properties": {"name": "Shelter", "category": "Shelter", "group": "outdoor", "hours": "", "access": "", "address": "", "website": ""}}, {"type": "Feature", "geometry": {"type": "Point", "coordinates": [144.9536527, -37.8095564]}, "properties": {"name": "Shelter", "category": "Shelter", "group": "outdoor", "hours": "", "access": "", "address": "", "website": ""}}, {"type": "Feature", "geometry": {"type": "Point", "coordinates": [144.96554106484646, -37.84969529370438]}, "properties": {"name": "Shelter", "category": "Shelter", "group": "outdoor", "hours": "", "access": "", "address": "", "website": ""}}, {"type": "Feature", "geometry": {"type": "Point", "coordinates": [144.95466666556408, -37.851099448572306]}, "properties": {"name": "Shelter", "category": "Shelter", "group": "outdoor", "hours": "", "access": "", "address": "", "website": ""}}, {"type": "Feature", "geometry": {"type": "Point", "coordinates": [144.95436619999998, -37.85095475]}, "properties": {"name": "Shelter", "category": "Shelter", "group": "outdoor", "hours": "", "access": "", "address": "", "website": ""}}, {"type": "Feature", "geometry": {"type": "Point", "coordinates": [144.95756875, -37.85244869999999]}, "properties": {"name": "Shelter", "category": "Shelter", "group": "outdoor", "hours": "", "access": "", "address": "", "website": ""}}, {"type": "Feature", "geometry": {"type": "Point", "coordinates": [144.96994240000004, -37.83697585]}, "properties": {"name": "Shelter", "category": "Shelter", "group": "outdoor", "hours": "", "access": "", "address": "", "website": ""}}, {"type": "Feature", "geometry": {"type": "Point", "coordinates": [144.9709296359884, -37.85369680473529]}, "properties": {"name": "Shelter", "category": "Shelter", "group": "outdoor", "hours": "", "access": "", "address": "", "website": ""}}, {"type": "Feature", "geometry": {"type": "Point", "coordinates": [144.9848832, -37.8819149]}, "properties": {"name": "Shelter", "category": "Shelter", "group": "outdoor", "hours": "", "access": "", "address": "", "website": ""}}, {"type": "Feature", "geometry": {"type": "Point", "coordinates": [144.9849812, -37.8819362]}, "properties": {"name": "Shelter", "category": "Shelter", "group": "outdoor", "hours": "", "access": "", "address": "", "website": ""}}, {"type": "Feature", "geometry": {"type": "Point", "coordinates": [144.9849782, -37.8820193]}, "properties": {"name": "Shelter", "category": "Shelter", "group": "outdoor", "hours": "", "access": "", "address": "", "website": ""}}, {"type": "Feature", "geometry": {"type": "Point", "coordinates": [144.9850708, -37.8819537]}, "properties": {"name": "Shelter", "category": "Shelter", "group": "outdoor", "hours": "", "access": "", "address": "", "website": ""}}, {"type": "Feature", "geometry": {"type": "Point", "coordinates": [144.984794, -37.8818663]}, "properties": {"name": "Shelter", "category": "Shelter", "group": "outdoor", "hours": "", "access": "", "address": "", "website": ""}}, {"type": "Feature", "geometry": {"type": "Point", "coordinates": [144.9848339, -37.8817909]}, "properties": {"name": "Shelter", "category": "Shelter", "group": "outdoor", "hours": "", "access": "", "address": "", "website": ""}}, {"type": "Feature", "geometry": {"type": "Point", "coordinates": [144.9848188, -37.8817272]}, "properties": {"name": "Shelter", "category": "Shelter", "group": "outdoor", "hours": "", "access": "", "address": "", "website": ""}}, {"type": "Feature", "geometry": {"type": "Point", "coordinates": [144.98509982908962, -37.88109634886063]}, "properties": {"name": "Shelter", "category": "Shelter", "group": "outdoor", "hours": "", "access": "", "address": "", "website": ""}}, {"type": "Feature", "geometry": {"type": "Point", "coordinates": [144.98513878422978, -37.88202856831925]}, "properties": {"name": "Shelter", "category": "Shelter", "group": "outdoor", "hours": "", "access": "", "address": "", "website": ""}}, {"type": "Feature", "geometry": {"type": "Point", "coordinates": [144.98500880736495, -37.88210643253798]}, "properties": {"name": "Shelter", "category": "Shelter", "group": "outdoor", "hours": "", "access": "", "address": "", "website": ""}}, {"type": "Feature", "geometry": {"type": "Point", "coordinates": [144.98565342016875, -37.88212097742623]}, "properties": {"name": "Shelter", "category": "Shelter", "group": "outdoor", "hours": "", "access": "", "address": "", "website": ""}}, {"type": "Feature", "geometry": {"type": "Point", "coordinates": [144.98579086460393, -37.88198019088569]}, "properties": {"name": "Shelter", "category": "Shelter", "group": "outdoor", "hours": "", "access": "", "address": "", "website": ""}}, {"type": "Feature", "geometry": {"type": "Point", "coordinates": [144.94458394999998, -37.83896215]}, "properties": {"name": "Shelter", "category": "Shelter", "group": "outdoor", "hours": "", "access": "", "address": "", "website": ""}}, {"type": "Feature", "geometry": {"type": "Point", "coordinates": [144.94451853360462, -37.83870952506807]}, "properties": {"name": "Shelter", "category": "Shelter", "group": "outdoor", "hours": "", "access": "", "address": "", "website": ""}}, {"type": "Feature", "geometry": {"type": "Point", "coordinates": [144.92036, -37.8365188]}, "properties": {"name": "Shelter", "category": "Shelter", "group": "outdoor", "hours": "", "access": "", "address": "", "website": ""}}, {"type": "Feature", "geometry": {"type": "Point", "coordinates": [144.9172231, -37.8398474]}, "properties": {"name": "Shelter", "category": "Shelter", "group": "outdoor", "hours": "", "access": "", "address": "", "website": ""}}, {"type": "Feature", "geometry": {"type": "Point", "coordinates": [144.93561531866737, -37.84211539748983]}, "properties": {"name": "Port Melbourne Rotunda", "category": "Shelter", "group": "outdoor", "hours": "", "access": "", "address": "", "website": "https://www.monumentaustralia.org.au/themes/conflict/ww1/display/33129-port-melbourne-rotunda/photo/4"}}, {"type": "Feature", "geometry": {"type": "Point", "coordinates": [144.9269084, -37.8344994]}, "properties": {"name": "Shelter", "category": "Shelter", "group": "outdoor", "hours": "", "access": "", "address": "", "website": ""}}, {"type": "Feature", "geometry": {"type": "Point", "coordinates": [144.93360663350467, -37.84055381482642]}, "properties": {"name": "Shelter", "category": "Shelter", "group": "outdoor", "hours": "", "access": "", "address": "", "website": ""}}, {"type": "Feature", "geometry": {"type": "Point", "coordinates": [144.9269608, -37.8402243]}, "properties": {"name": "Shelter", "category": "Shelter", "group": "outdoor", "hours": "", "access": "", "address": "", "website": ""}}, {"type": "Feature", "geometry": {"type": "Point", "coordinates": [144.99355395341712, -37.86898672869904]}, "properties": {"name": "Shelter", "category": "Shelter", "group": "outdoor", "hours": "", "access": "", "address": "", "website": ""}}, {"type": "Feature", "geometry": {"type": "Point", "coordinates": [144.99346715000001, -37.87021065]}, "properties": {"name": "Shelter", "category": "Shelter", "group": "outdoor", "hours": "", "access": "", "address": "", "website": ""}}, {"type": "Feature", "geometry": {"type": "Point", "coordinates": [144.9950232492816, -37.875739633803775]}, "properties": {"name": "Shelter", "category": "Shelter", "group": "outdoor", "hours": "", "access": "", "address": "", "website": ""}}, {"type": "Feature", "geometry": {"type": "Point", "coordinates": [144.99021837915626, -37.86851678099514]}, "properties": {"name": "Shelter", "category": "Shelter", "group": "outdoor", "hours": "", "access": "", "address": "", "website": ""}}, {"type": "Feature", "geometry": {"type": "Point", "coordinates": [144.9527007196609, -37.8325400471702]}, "properties": {"name": "Shelter", "category": "Shelter", "group": "outdoor", "hours": "", "access": "", "address": "", "website": ""}}, {"type": "Feature", "geometry": {"type": "Point", "coordinates": [144.91034842693287, -37.8307929192483]}, "properties": {"name": "Shelter", "category": "Shelter", "group": "outdoor", "hours": "", "access": "", "address": "", "website": ""}}, {"type": "Feature", "geometry": {"type": "Point", "coordinates": [144.9244714111187, -37.8244453737025]}, "properties": {"name": "Shelter", "category": "Shelter", "group": "outdoor", "hours": "", "access": "", "address": "", "website": ""}}, {"type": "Feature", "geometry": {"type": "Point", "coordinates": [144.92439242238538, -37.824542194869004]}, "properties": {"name": "Shelter", "category": "Shelter", "group": "outdoor", "hours": "", "access": "", "address": "", "website": ""}}, {"type": "Feature", "geometry": {"type": "Point", "coordinates": [144.91097375926435, -37.82738300651797]}, "properties": {"name": "Shelter", "category": "Shelter", "group": "outdoor", "hours": "", "access": "", "address": "", "website": ""}}, {"type": "Feature", "geometry": {"type": "Point", "coordinates": [144.9608855, -37.8317539]}, "properties": {"name": "Shelter", "category": "Shelter", "group": "outdoor", "hours": "", "access": "", "address": "", "website": ""}}, {"type": "Feature", "geometry": {"type": "Point", "coordinates": [144.96588712771108, -37.83455667134814]}, "properties": {"name": "Shelter", "category": "Shelter", "group": "outdoor", "hours": "", "access": "", "address": "", "website": ""}}, {"type": "Feature", "geometry": {"type": "Point", "coordinates": [144.98866047817282, -37.86806802911864]}, "properties": {"name": "Shelter", "category": "Shelter", "group": "outdoor", "hours": "", "access": "", "address": "", "website": ""}}, {"type": "Feature", "geometry": {"type": "Point", "coordinates": [144.9844470707768, -37.870188885140735]}, "properties": {"name": "Shelter", "category": "Shelter", "group": "outdoor", "hours": "", "access": "", "address": "", "website": ""}}, {"type": "Feature", "geometry": {"type": "Point", "coordinates": [144.98879004999998, -37.8682241]}, "properties": {"name": "Shelter", "category": "Shelter", "group": "outdoor", "hours": "", "access": "", "address": "", "website": ""}}, {"type": "Feature", "geometry": {"type": "Point", "coordinates": [144.9711406571913, -37.85397098466826]}, "properties": {"name": "Shelter", "category": "Shelter", "group": "outdoor", "hours": "", "access": "", "address": "", "website": ""}}, {"type": "Feature", "geometry": {"type": "Point", "coordinates": [144.9723597, -37.8639701]}, "properties": {"name": "Shelter", "category": "Shelter", "group": "outdoor", "hours": "", "access": "", "address": "", "website": ""}}, {"type": "Feature", "geometry": {"type": "Point", "coordinates": [144.9777982, -37.8665692]}, "properties": {"name": "Shelter", "category": "Shelter", "group": "outdoor", "hours": "", "access": "", "address": "", "website": ""}}, {"type": "Feature", "geometry": {"type": "Point", "coordinates": [144.97160250293638, -37.86155013397381]}, "properties": {"name": "Shelter", "category": "Shelter", "group": "outdoor", "hours": "", "access": "", "address": "", "website": ""}}, {"type": "Feature", "geometry": {"type": "Point", "coordinates": [145.01320395671797, -37.8503742878093]}, "properties": {"name": "Shelter", "category": "Shelter", "group": "outdoor", "hours": "", "access": "", "address": "", "website": ""}}, {"type": "Feature", "geometry": {"type": "Point", "coordinates": [145.0139631180755, -37.85120945078346]}, "properties": {"name": "Shelter", "category": "Shelter", "group": "outdoor", "hours": "", "access": "", "address": "", "website": ""}}, {"type": "Feature", "geometry": {"type": "Point", "coordinates": [145.01874710443275, -37.85577594097599]}, "properties": {"name": "Shelter", "category": "Shelter", "group": "outdoor", "hours": "", "access": "", "address": "", "website": ""}}, {"type": "Feature", "geometry": {"type": "Point", "coordinates": [145.01935002816614, -37.856634629910076]}, "properties": {"name": "Shelter", "category": "Shelter", "group": "outdoor", "hours": "", "access": "", "address": "", "website": ""}}, {"type": "Feature", "geometry": {"type": "Point", "coordinates": [144.9942589554696, -37.857146780852624]}, "properties": {"name": "Shelter", "category": "Shelter", "group": "outdoor", "hours": "", "access": "", "address": "", "website": ""}}, {"type": "Feature", "geometry": {"type": "Point", "coordinates": [144.98965354855596, -37.850253169889456]}, "properties": {"name": "Shelter", "category": "Shelter", "group": "outdoor", "hours": "", "access": "", "address": "", "website": ""}}, {"type": "Feature", "geometry": {"type": "Point", "coordinates": [144.98979394581744, -37.850425622159456]}, "properties": {"name": "Shelter", "category": "Shelter", "group": "outdoor", "hours": "", "access": "", "address": "", "website": ""}}, {"type": "Feature", "geometry": {"type": "Point", "coordinates": [144.9898294680635, -37.84926903811573]}, "properties": {"name": "Shelter", "category": "Shelter", "group": "outdoor", "hours": "", "access": "", "address": "", "website": ""}}, {"type": "Feature", "geometry": {"type": "Point", "coordinates": [144.9916554943385, -37.84774336718286]}, "properties": {"name": "Shelter", "category": "Shelter", "group": "outdoor", "hours": "", "access": "", "address": "", "website": ""}}, {"type": "Feature", "geometry": {"type": "Point", "coordinates": [145.0304418, -37.8496592]}, "properties": {"name": "Stop 60: Stonnington Place", "category": "Shelter", "group": "outdoor", "hours": "", "access": "", "address": "", "website": ""}}, {"type": "Feature", "geometry": {"type": "Point", "coordinates": [144.9926261279147, -37.83726824086325]}, "properties": {"name": "Shelter", "category": "Shelter", "group": "outdoor", "hours": "", "access": "", "address": "", "website": ""}}, {"type": "Feature", "geometry": {"type": "Point", "coordinates": [144.99243924999996, -37.83745075]}, "properties": {"name": "Shelter", "category": "Shelter", "group": "outdoor", "hours": "", "access": "", "address": "", "website": ""}}, {"type": "Feature", "geometry": {"type": "Point", "coordinates": [144.99233675, -37.8379156]}, "properties": {"name": "Shelter", "category": "Shelter", "group": "outdoor", "hours": "", "access": "", "address": "", "website": ""}}, {"type": "Feature", "geometry": {"type": "Point", "coordinates": [144.9922776715204, -37.83742061177985]}, "properties": {"name": "Shelter", "category": "Shelter", "group": "outdoor", "hours": "", "access": "", "address": "", "website": ""}}, {"type": "Feature", "geometry": {"type": "Point", "coordinates": [145.00344262415655, -37.83378866462645]}, "properties": {"name": "Shelter", "category": "Shelter", "group": "outdoor", "hours": "", "access": "", "address": "", "website": ""}}, {"type": "Feature", "geometry": {"type": "Point", "coordinates": [145.00359989999998, -37.8332301]}, "properties": {"name": "Shelter", "category": "Shelter", "group": "outdoor", "hours": "", "access": "", "address": "", "website": ""}}, {"type": "Feature", "geometry": {"type": "Point", "coordinates": [145.0018191067382, -37.84473220316675]}, "properties": {"name": "Shelter", "category": "Shelter", "group": "outdoor", "hours": "", "access": "", "address": "", "website": ""}}, {"type": "Feature", "geometry": {"type": "Point", "coordinates": [144.99205763383398, -37.84017638619116]}, "properties": {"name": "Shelter", "category": "Shelter", "group": "outdoor", "hours": "", "access": "", "address": "", "website": ""}}, {"type": "Feature", "geometry": {"type": "Point", "coordinates": [145.0013360862207, -37.844530802474836]}, "properties": {"name": "Shelter", "category": "Shelter", "group": "outdoor", "hours": "", "access": "", "address": "", "website": ""}}, {"type": "Feature", "geometry": {"type": "Point", "coordinates": [144.9978228, -37.8004552]}, "properties": {"name": "Shelter", "category": "Shelter", "group": "outdoor", "hours": "", "access": "", "address": "", "website": ""}}, {"type": "Feature", "geometry": {"type": "Point", "coordinates": [145.00094325380292, -37.796230650325235]}, "properties": {"name": "Shelter", "category": "Shelter", "group": "outdoor", "hours": "", "access": "", "address": "", "website": ""}}, {"type": "Feature", "geometry": {"type": "Point", "coordinates": [144.96329283693228, -37.7869107288752]}, "properties": {"name": "Shelter", "category": "Shelter", "group": "outdoor", "hours": "", "access": "", "address": "", "website": ""}}, {"type": "Feature", "geometry": {"type": "Point", "coordinates": [144.96705370021462, -37.78989791890758]}, "properties": {"name": "Shelter", "category": "Shelter", "group": "outdoor", "hours": "", "access": "", "address": "", "website": ""}}, {"type": "Feature", "geometry": {"type": "Point", "coordinates": [144.9678096581665, -37.786782151168175]}, "properties": {"name": "Shelter", "category": "Shelter", "group": "outdoor", "hours": "", "access": "", "address": "", "website": ""}}, {"type": "Feature", "geometry": {"type": "Point", "coordinates": [144.96595508672132, -37.7917340306646]}, "properties": {"name": "Shelter", "category": "Shelter", "group": "outdoor", "hours": "", "access": "", "address": "", "website": ""}}, {"type": "Feature", "geometry": {"type": "Point", "coordinates": [144.96628148944347, -37.786253413892744]}, "properties": {"name": "Shelter", "category": "Shelter", "group": "outdoor", "hours": "", "access": "", "address": "", "website": ""}}, {"type": "Feature", "geometry": {"type": "Point", "coordinates": [144.96656322797463, -37.78825635135009]}, "properties": {"name": "Shelter", "category": "Shelter", "group": "outdoor", "hours": "", "access": "", "address": "", "website": ""}}, {"type": "Feature", "geometry": {"type": "Point", "coordinates": [144.97312547125975, -37.78938157109073]}, "properties": {"name": "Shelter", "category": "Shelter", "group": "outdoor", "hours": "", "access": "", "address": "", "website": ""}}, {"type": "Feature", "geometry": {"type": "Point", "coordinates": [144.99109665, -37.80156645]}, "properties": {"name": "Shelter", "category": "Shelter", "group": "outdoor", "hours": "", "access": "", "address": "", "website": ""}}, {"type": "Feature", "geometry": {"type": "Point", "coordinates": [144.9827755, -37.808574]}, "properties": {"name": "Facility", "category": "Facility", "group": "outdoor", "hours": "", "access": "", "address": "", "website": ""}}, {"type": "Feature", "geometry": {"type": "Point", "coordinates": [144.9827707532037, -37.80859524912092]}, "properties": {"name": "Shelter", "category": "Shelter", "group": "outdoor", "hours": "", "access": "", "address": "", "website": ""}}, {"type": "Feature", "geometry": {"type": "Point", "coordinates": [144.97736765000002, -37.80555395]}, "properties": {"name": "Shelter", "category": "Shelter", "group": "outdoor", "hours": "", "access": "", "address": "", "website": ""}}, {"type": "Feature", "geometry": {"type": "Point", "coordinates": [144.98696733970428, -37.78110207230655]}, "properties": {"name": "Shelter", "category": "Shelter", "group": "outdoor", "hours": "", "access": "", "address": "", "website": ""}}, {"type": "Feature", "geometry": {"type": "Point", "coordinates": [144.9791067, -37.7763604]}, "properties": {"name": "Shelter", "category": "Shelter", "group": "outdoor", "hours": "", "access": "", "address": "", "website": ""}}, {"type": "Feature", "geometry": {"type": "Point", "coordinates": [144.9787361, -37.7768521]}, "properties": {"name": "Shelter", "category": "Shelter", "group": "outdoor", "hours": "", "access": "", "address": "", "website": ""}}, {"type": "Feature", "geometry": {"type": "Point", "coordinates": [144.99547513230692, -37.78889844733079]}, "properties": {"name": "Shelter", "category": "Shelter", "group": "outdoor", "hours": "", "access": "", "address": "", "website": ""}}, {"type": "Feature", "geometry": {"type": "Point", "coordinates": [144.995424380103, -37.78917907411166]}, "properties": {"name": "Shelter", "category": "Shelter", "group": "outdoor", "hours": "", "access": "", "address": "", "website": ""}}, {"type": "Feature", "geometry": {"type": "Point", "coordinates": [144.99537825, -37.78944145]}, "properties": {"name": "Shelter", "category": "Shelter", "group": "outdoor", "hours": "", "access": "", "address": "", "website": ""}}, {"type": "Feature", "geometry": {"type": "Point", "coordinates": [144.99524930492515, -37.789057803017315]}, "properties": {"name": "Shelter", "category": "Shelter", "group": "outdoor", "hours": "", "access": "", "address": "", "website": ""}}, {"type": "Feature", "geometry": {"type": "Point", "coordinates": [144.99536849724623, -37.78830442114995]}, "properties": {"name": "Shelter", "category": "Shelter", "group": "outdoor", "hours": "", "access": "", "address": "", "website": ""}}, {"type": "Feature", "geometry": {"type": "Point", "coordinates": [145.0041056, -37.7908572]}, "properties": {"name": "Shelter", "category": "Shelter", "group": "outdoor", "hours": "", "access": "", "address": "", "website": ""}}, {"type": "Feature", "geometry": {"type": "Point", "coordinates": [145.0043147, -37.7906976]}, "properties": {"name": "Shelter", "category": "Shelter", "group": "outdoor", "hours": "", "access": "", "address": "", "website": ""}}, {"type": "Feature", "geometry": {"type": "Point", "coordinates": [145.00378117661168, -37.79051433275083]}, "properties": {"name": "Shelter", "category": "Shelter", "group": "outdoor", "hours": "", "access": "", "address": "", "website": ""}}, {"type": "Feature", "geometry": {"type": "Point", "coordinates": [145.00361447200584, -37.79042158703282]}, "properties": {"name": "Shelter", "category": "Shelter", "group": "outdoor", "hours": "", "access": "", "address": "", "website": ""}}, {"type": "Feature", "geometry": {"type": "Point", "coordinates": [145.0104308920696, -37.79859401537874]}, "properties": {"name": "Shelter", "category": "Shelter", "group": "outdoor", "hours": "", "access": "", "address": "", "website": ""}}, {"type": "Feature", "geometry": {"type": "Point", "coordinates": [145.0101365936718, -37.79890749327041]}, "properties": {"name": "Shelter", "category": "Shelter", "group": "outdoor", "hours": "", "access": "", "address": "", "website": ""}}, {"type": "Feature", "geometry": {"type": "Point", "coordinates": [144.99250654590693, -37.79102364802997]}, "properties": {"name": "Shelter", "category": "Shelter", "group": "outdoor", "hours": "", "access": "", "address": "", "website": ""}}, {"type": "Feature", "geometry": {"type": "Point", "coordinates": [145.01201437797167, -37.78726234749519]}, "properties": {"name": "Shelter", "category": "Shelter", "group": "outdoor", "hours": "", "access": "", "address": "", "website": ""}}, {"type": "Feature", "geometry": {"type": "Point", "coordinates": [144.9981754, -37.8202008]}, "properties": {"name": "Shelter", "category": "Shelter", "group": "outdoor", "hours": "", "access": "", "address": "", "website": ""}}, {"type": "Feature", "geometry": {"type": "Point", "coordinates": [144.9915973, -37.8321033]}, "properties": {"name": "Shelter", "category": "Shelter", "group": "outdoor", "hours": "", "access": "", "address": "", "website": ""}}, {"type": "Feature", "geometry": {"type": "Point", "coordinates": [145.00114971032946, -37.82964552704471]}, "properties": {"name": "Shelter", "category": "Shelter", "group": "outdoor", "hours": "", "access": "", "address": "", "website": ""}}, {"type": "Feature", "geometry": {"type": "Point", "coordinates": [145.02530860000002, -37.8308472]}, "properties": {"name": "Shelter", "category": "Shelter", "group": "outdoor", "hours": "", "access": "", "address": "", "website": ""}}, {"type": "Feature", "geometry": {"type": "Point", "coordinates": [145.02188543986156, -37.82885795772846]}, "properties": {"name": "940 Burnley Summer House", "category": "Shelter", "group": "outdoor", "hours": "", "access": "", "address": "", "website": ""}}, {"type": "Feature", "geometry": {"type": "Point", "coordinates": [145.02102077587247, -37.82831136604666]}, "properties": {"name": "939 Burnley Big Shade", "category": "Shelter", "group": "outdoor", "hours": "", "access": "", "address": "", "website": ""}}, {"type": "Feature", "geometry": {"type": "Point", "coordinates": [145.0032253648683, -37.83092012783221]}, "properties": {"name": "Shelter", "category": "Shelter", "group": "outdoor", "hours": "", "access": "", "address": "", "website": ""}}, {"type": "Feature", "geometry": {"type": "Point", "coordinates": [145.0086237, -37.8157993]}, "properties": {"name": "Shelter", "category": "Shelter", "group": "outdoor", "hours": "", "access": "", "address": "", "website": ""}}, {"type": "Feature", "geometry": {"type": "Point", "coordinates": [144.99793737728862, -37.81242019342368]}, "properties": {"name": "Shelter", "category": "Shelter", "group": "outdoor", "hours": "", "access": "", "address": "", "website": ""}}, {"type": "Feature", "geometry": {"type": "Point", "coordinates": [144.9921944425034, -37.81601862573474]}, "properties": {"name": "Shelter", "category": "Shelter", "group": "outdoor", "hours": "", "access": "", "address": "", "website": ""}}, {"type": "Feature", "geometry": {"type": "Point", "coordinates": [144.99141840000001, -37.8104119]}, "properties": {"name": "Shelter", "category": "Shelter", "group": "outdoor", "hours": "", "access": "", "address": "", "website": ""}}, {"type": "Feature", "geometry": {"type": "Point", "coordinates": [145.01448129053804, -37.81992811774109]}, "properties": {"name": "Shelter", "category": "Shelter", "group": "outdoor", "hours": "", "access": "", "address": "", "website": ""}}, {"type": "Feature", "geometry": {"type": "Point", "coordinates": [145.01441820849618, -37.8196814961342]}, "properties": {"name": "Shelter", "category": "Shelter", "group": "outdoor", "hours": "", "access": "", "address": "", "website": ""}}, {"type": "Feature", "geometry": {"type": "Point", "coordinates": [145.05149621423206, -37.85309726217254]}, "properties": {"name": "Shelter", "category": "Shelter", "group": "outdoor", "hours": "", "access": "", "address": "", "website": ""}}, {"type": "Feature", "geometry": {"type": "Point", "coordinates": [145.051345214691, -37.853046312154255]}, "properties": {"name": "Shelter", "category": "Shelter", "group": "outdoor", "hours": "", "access": "", "address": "", "website": ""}}, {"type": "Feature", "geometry": {"type": "Point", "coordinates": [145.05111985, -37.8529695]}, "properties": {"name": "Shelter", "category": "Shelter", "group": "outdoor", "hours": "", "access": "", "address": "", "website": ""}}, {"type": "Feature", "geometry": {"type": "Point", "coordinates": [145.05096890000002, -37.85291875]}, "properties": {"name": "Shelter", "category": "Shelter", "group": "outdoor", "hours": "", "access": "", "address": "", "website": ""}}, {"type": "Feature", "geometry": {"type": "Point", "coordinates": [145.0508182768694, -37.852868809189886]}, "properties": {"name": "Shelter", "category": "Shelter", "group": "outdoor", "hours": "", "access": "", "address": "", "website": ""}}, {"type": "Feature", "geometry": {"type": "Point", "coordinates": [145.05066804999998, -37.85281855]}, "properties": {"name": "Shelter", "category": "Shelter", "group": "outdoor", "hours": "", "access": "", "address": "", "website": ""}}, {"type": "Feature", "geometry": {"type": "Point", "coordinates": [145.05036617160889, -37.85271618992009]}, "properties": {"name": "Shelter", "category": "Shelter", "group": "outdoor", "hours": "", "access": "", "address": "", "website": ""}}, {"type": "Feature", "geometry": {"type": "Point", "coordinates": [145.05014116316545, -37.852639897806874]}, "properties": {"name": "Shelter", "category": "Shelter", "group": "outdoor", "hours": "", "access": "", "address": "", "website": ""}}, {"type": "Feature", "geometry": {"type": "Point", "coordinates": [145.05155352379998, -37.85298899111301]}, "properties": {"name": "Shelter", "category": "Shelter", "group": "outdoor", "hours": "", "access": "", "address": "", "website": ""}}, {"type": "Feature", "geometry": {"type": "Point", "coordinates": [145.05140131243542, -37.852937597455906]}, "properties": {"name": "Shelter", "category": "Shelter", "group": "outdoor", "hours": "", "access": "", "address": "", "website": ""}}, {"type": "Feature", "geometry": {"type": "Point", "coordinates": [145.0510514, -37.85282105]}, "properties": {"name": "Shelter", "category": "Shelter", "group": "outdoor", "hours": "", "access": "", "address": "", "website": ""}}, {"type": "Feature", "geometry": {"type": "Point", "coordinates": [145.0508496183643, -37.85275343840028]}, "properties": {"name": "Shelter", "category": "Shelter", "group": "outdoor", "hours": "", "access": "", "address": "", "website": ""}}, {"type": "Feature", "geometry": {"type": "Point", "coordinates": [145.02958778729393, -37.866692913366165]}, "properties": {"name": "Shelter", "category": "Shelter", "group": "outdoor", "hours": "", "access": "", "address": "", "website": ""}}, {"type": "Feature", "geometry": {"type": "Point", "coordinates": [145.02880495, -37.8660423]}, "properties": {"name": "Shelter", "category": "Shelter", "group": "outdoor", "hours": "", "access": "", "address": "", "website": ""}}, {"type": "Feature", "geometry": {"type": "Point", "coordinates": [145.0347893, -37.8550801]}, "properties": {"name": "Shelter", "category": "Shelter", "group": "outdoor", "hours": "", "access": "", "address": "", "website": ""}}, {"type": "Feature", "geometry": {"type": "Point", "coordinates": [145.06197410434876, -37.8608759049185]}, "properties": {"name": "Shelter", "category": "Shelter", "group": "outdoor", "hours": "", "access": "", "address": "", "website": ""}}, {"type": "Feature", "geometry": {"type": "Point", "coordinates": [145.04502337311905, -37.87574101529486]}, "properties": {"name": "Shelter", "category": "Shelter", "group": "outdoor", "hours": "", "access": "", "address": "", "website": ""}}, {"type": "Feature", "geometry": {"type": "Point", "coordinates": [145.0451220653892, -37.87578714824929]}, "properties": {"name": "Shelter", "category": "Shelter", "group": "outdoor", "hours": "", "access": "", "address": "", "website": ""}}, {"type": "Feature", "geometry": {"type": "Point", "coordinates": [145.0671167303131, -37.87107675470928]}, "properties": {"name": "Shelter", "category": "Shelter", "group": "outdoor", "hours": "", "access": "", "address": "", "website": ""}}, {"type": "Feature", "geometry": {"type": "Point", "coordinates": [145.0651288, -37.8695454]}, "properties": {"name": "Shelter", "category": "Shelter", "group": "outdoor", "hours": "", "access": "", "address": "", "website": ""}}, {"type": "Feature", "geometry": {"type": "Point", "coordinates": [145.06253026000587, -37.86859091164185]}, "properties": {"name": "Shelter", "category": "Shelter", "group": "outdoor", "hours": "", "access": "", "address": "", "website": ""}}, {"type": "Feature", "geometry": {"type": "Point", "coordinates": [145.06300608809903, -37.86890668671284]}, "properties": {"name": "Shelter", "category": "Shelter", "group": "outdoor", "hours": "", "access": "", "address": "", "website": ""}}, {"type": "Feature", "geometry": {"type": "Point", "coordinates": [144.86270535, -37.79920945]}, "properties": {"name": "Shelter", "category": "Shelter", "group": "outdoor", "hours": "", "access": "", "address": "", "website": ""}}, {"type": "Feature", "geometry": {"type": "Point", "coordinates": [144.85340755000001, -37.78716385]}, "properties": {"name": "Shelter", "category": "Shelter", "group": "outdoor", "hours": "", "access": "", "address": "", "website": ""}}, {"type": "Feature", "geometry": {"type": "Point", "coordinates": [144.9003594, -37.8019207]}, "properties": {"name": "Shelter", "category": "Shelter", "group": "outdoor", "hours": "", "access": "", "address": "", "website": ""}}, {"type": "Feature", "geometry": {"type": "Point", "coordinates": [144.9002923, -37.8019493]}, "properties": {"name": "Shelter", "category": "Shelter", "group": "outdoor", "hours": "", "access": "", "address": "", "website": ""}}, {"type": "Feature", "geometry": {"type": "Point", "coordinates": [144.91097094635646, -37.796585720274145]}, "properties": {"name": "Shelter", "category": "Shelter", "group": "outdoor", "hours": "", "access": "", "address": "", "website": ""}}, {"type": "Feature", "geometry": {"type": "Point", "coordinates": [144.89067375000005, -37.8024537]}, "properties": {"name": "Shelter", "category": "Shelter", "group": "outdoor", "hours": "", "access": "", "address": "", "website": ""}}, {"type": "Feature", "geometry": {"type": "Point", "coordinates": [144.9026535, -37.7942137]}, "properties": {"name": "Shelter", "category": "Shelter", "group": "outdoor", "hours": "", "access": "", "address": "", "website": ""}}, {"type": "Feature", "geometry": {"type": "Point", "coordinates": [144.90032862508633, -37.78995433172454]}, "properties": {"name": "Shelter", "category": "Shelter", "group": "outdoor", "hours": "", "access": "", "address": "", "website": ""}}, {"type": "Feature", "geometry": {"type": "Point", "coordinates": [144.89894739999997, -37.7889744]}, "properties": {"name": "Shelter", "category": "Shelter", "group": "outdoor", "hours": "", "access": "", "address": "", "website": ""}}, {"type": "Feature", "geometry": {"type": "Point", "coordinates": [144.90033630830473, -37.788945656186]}, "properties": {"name": "Shelter", "category": "Shelter", "group": "outdoor", "hours": "", "access": "", "address": "", "website": ""}}, {"type": "Feature", "geometry": {"type": "Point", "coordinates": [144.88107578902122, -37.799354822720524]}, "properties": {"name": "Shelter", "category": "Shelter", "group": "outdoor", "hours": "", "access": "", "address": "", "website": ""}}, {"type": "Feature", "geometry": {"type": "Point", "coordinates": [144.90016365257512, -37.80268010125818]}, "properties": {"name": "Rotunda", "category": "Shelter", "group": "outdoor", "hours": "", "access": "", "address": "", "website": ""}}, {"type": "Feature", "geometry": {"type": "Point", "coordinates": [144.8878027, -37.7791239]}, "properties": {"name": "Shelter", "category": "Shelter", "group": "outdoor", "hours": "", "access": "", "address": "", "website": ""}}, {"type": "Feature", "geometry": {"type": "Point", "coordinates": [144.8879864, -37.7791535]}, "properties": {"name": "Shelter", "category": "Shelter", "group": "outdoor", "hours": "", "access": "", "address": "", "website": ""}}, {"type": "Feature", "geometry": {"type": "Point", "coordinates": [144.88625525094477, -37.778011997394685]}, "properties": {"name": "Shelter", "category": "Shelter", "group": "outdoor", "hours": "", "access": "", "address": "", "website": ""}}, {"type": "Feature", "geometry": {"type": "Point", "coordinates": [144.890529404311, -37.785280327562205]}, "properties": {"name": "Shelter", "category": "Shelter", "group": "outdoor", "hours": "", "access": "", "address": "", "website": ""}}, {"type": "Feature", "geometry": {"type": "Point", "coordinates": [144.89060148189805, -37.784898613024794]}, "properties": {"name": "Shelter", "category": "Shelter", "group": "outdoor", "hours": "", "access": "", "address": "", "website": ""}}, {"type": "Feature", "geometry": {"type": "Point", "coordinates": [144.89092755, -37.7843197]}, "properties": {"name": "Shelter", "category": "Shelter", "group": "outdoor", "hours": "", "access": "", "address": "", "website": ""}}, {"type": "Feature", "geometry": {"type": "Point", "coordinates": [144.87804271227674, -37.76885747744963]}, "properties": {"name": "Shelter", "category": "Shelter", "group": "outdoor", "hours": "", "access": "", "address": "", "website": ""}}, {"type": "Feature", "geometry": {"type": "Point", "coordinates": [144.89595186433064, -37.77570860859032]}, "properties": {"name": "Shelter", "category": "Shelter", "group": "outdoor", "hours": "", "access": "", "address": "", "website": ""}}, {"type": "Feature", "geometry": {"type": "Point", "coordinates": [144.8944466360985, -37.77798200101224]}, "properties": {"name": "Shelter", "category": "Shelter", "group": "outdoor", "hours": "", "access": "", "address": "", "website": ""}}, {"type": "Feature", "geometry": {"type": "Point", "coordinates": [144.89413836529826, -37.77777388076088]}, "properties": {"name": "Shelter", "category": "Shelter", "group": "outdoor", "hours": "", "access": "", "address": "", "website": ""}}, {"type": "Feature", "geometry": {"type": "Point", "coordinates": [144.89555831599014, -37.80895953885711]}, "properties": {"name": "Shelter", "category": "Shelter", "group": "outdoor", "hours": "", "access": "", "address": "", "website": ""}}, {"type": "Feature", "geometry": {"type": "Point", "coordinates": [144.88910269432384, -37.804549451340016]}, "properties": {"name": "Shelter", "category": "Shelter", "group": "outdoor", "hours": "", "access": "", "address": "", "website": ""}}, {"type": "Feature", "geometry": {"type": "Point", "coordinates": [144.87521465, -37.79273875]}, "properties": {"name": "Shelter", "category": "Shelter", "group": "outdoor", "hours": "", "access": "", "address": "", "website": ""}}, {"type": "Feature", "geometry": {"type": "Point", "coordinates": [144.8772592, -37.8053596]}, "properties": {"name": "Shelter", "category": "Shelter", "group": "outdoor", "hours": "", "access": "", "address": "", "website": ""}}, {"type": "Feature", "geometry": {"type": "Point", "coordinates": [144.8673518, -37.8101124]}, "properties": {"name": "Shelter", "category": "Shelter", "group": "outdoor", "hours": "", "access": "", "address": "", "website": ""}}, {"type": "Feature", "geometry": {"type": "Point", "coordinates": [144.86921925000001, -37.7961557]}, "properties": {"name": "Shelter", "category": "Shelter", "group": "outdoor", "hours": "", "access": "", "address": "", "website": ""}}, {"type": "Feature", "geometry": {"type": "Point", "coordinates": [144.8725886, -37.8046544]}, "properties": {"name": "Shelter", "category": "Shelter", "group": "outdoor", "hours": "", "access": "", "address": "", "website": ""}}, {"type": "Feature", "geometry": {"type": "Point", "coordinates": [144.8638344, -37.79934555]}, "properties": {"name": "Shelter", "category": "Shelter", "group": "outdoor", "hours": "", "access": "", "address": "", "website": ""}}, {"type": "Feature", "geometry": {"type": "Point", "coordinates": [144.88300979858238, -37.801546565515594]}, "properties": {"name": "Shelter", "category": "Shelter", "group": "outdoor", "hours": "", "access": "", "address": "", "website": ""}}, {"type": "Feature", "geometry": {"type": "Point", "coordinates": [144.8836964380518, -37.8016235508935]}, "properties": {"name": "Shelter", "category": "Shelter", "group": "outdoor", "hours": "", "access": "", "address": "", "website": ""}}, {"type": "Feature", "geometry": {"type": "Point", "coordinates": [144.87252956492816, -37.8052494018238]}, "properties": {"name": "Shelter", "category": "Shelter", "group": "outdoor", "hours": "", "access": "", "address": "", "website": ""}}, {"type": "Feature", "geometry": {"type": "Point", "coordinates": [144.8897968445224, -37.8162685387113]}, "properties": {"name": "Shelter", "category": "Shelter", "group": "outdoor", "hours": "", "access": "", "address": "", "website": ""}}, {"type": "Feature", "geometry": {"type": "Point", "coordinates": [144.89013570431726, -37.81527409958316]}, "properties": {"name": "Shelter", "category": "Shelter", "group": "outdoor", "hours": "", "access": "", "address": "", "website": ""}}, {"type": "Feature", "geometry": {"type": "Point", "coordinates": [144.8919038, -37.8175225]}, "properties": {"name": "Shelter", "category": "Shelter", "group": "outdoor", "hours": "", "access": "", "address": "", "website": ""}}, {"type": "Feature", "geometry": {"type": "Point", "coordinates": [144.8855558608338, -37.81706707376296]}, "properties": {"name": "Shelter", "category": "Shelter", "group": "outdoor", "hours": "", "access": "", "address": "", "website": ""}}, {"type": "Feature", "geometry": {"type": "Point", "coordinates": [144.8767558, -37.8153857]}, "properties": {"name": "Shelter", "category": "Shelter", "group": "outdoor", "hours": "", "access": "", "address": "", "website": ""}}, {"type": "Feature", "geometry": {"type": "Point", "coordinates": [144.8980882, -37.8111658]}, "properties": {"name": "Shelter", "category": "Shelter", "group": "outdoor", "hours": "", "access": "", "address": "", "website": ""}}, {"type": "Feature", "geometry": {"type": "Point", "coordinates": [144.861329, -37.815497]}, "properties": {"name": "Shelter", "category": "Shelter", "group": "outdoor", "hours": "", "access": "", "address": "", "website": ""}}, {"type": "Feature", "geometry": {"type": "Point", "coordinates": [144.9685978, -37.7977143]}, "properties": {"name": "Toilets", "category": "Toilets", "group": "outdoor", "hours": "", "access": "", "address": "", "website": ""}}, {"type": "Feature", "geometry": {"type": "Point", "coordinates": [144.969196, -37.8062577]}, "properties": {"name": "Toilets", "category": "Toilets", "group": "outdoor", "hours": "", "access": "yes", "address": "", "website": ""}}, {"type": "Feature", "geometry": {"type": "Point", "coordinates": [144.9740095, -37.7930152]}, "properties": {"name": "Public Urinals", "category": "Toilets", "group": "outdoor", "hours": "", "access": "yes", "address": "", "website": ""}}, {"type": "Feature", "geometry": {"type": "Point", "coordinates": [144.969847, -37.8026701]}, "properties": {"name": "Toilets", "category": "Toilets", "group": "outdoor", "hours": "24/7", "access": "yes", "address": "", "website": ""}}, {"type": "Feature", "geometry": {"type": "Point", "coordinates": [144.9699536, -37.802218]}, "properties": {"name": "Toilets", "category": "Toilets", "group": "outdoor", "hours": "Mo-Su 09:00-18:00", "access": "", "address": "", "website": ""}}, {"type": "Feature", "geometry": {"type": "Point", "coordinates": [144.9664322, -37.8020642]}, "properties": {"name": "Public Toilets", "category": "Toilets", "group": "outdoor", "hours": "", "access": "", "address": "", "website": ""}}, {"type": "Feature", "geometry": {"type": "Point", "coordinates": [144.9629473, -37.8046186]}, "properties": {"name": "Toilets", "category": "Toilets", "group": "outdoor", "hours": "", "access": "yes", "address": "", "website": ""}}, {"type": "Feature", "geometry": {"type": "Point", "coordinates": [144.9590003, -37.8040188]}, "properties": {"name": "Toilets", "category": "Toilets", "group": "outdoor", "hours": "", "access": "yes", "address": "", "website": ""}}, {"type": "Feature", "geometry": {"type": "Point", "coordinates": [144.9511444, -37.8125638]}, "properties": {"name": "Toilets", "category": "Toilets", "group": "outdoor", "hours": "", "access": "private", "address": "", "website": ""}}, {"type": "Feature", "geometry": {"type": "Point", "coordinates": [144.9525371, -37.8172808]}, "properties": {"name": "Toilets", "category": "Toilets", "group": "outdoor", "hours": "", "access": "yes", "address": "", "website": ""}}, {"type": "Feature", "geometry": {"type": "Point", "coordinates": [144.9453454, -37.8184497]}, "properties": {"name": "Toilets", "category": "Toilets", "group": "outdoor", "hours": "", "access": "yes", "address": "", "website": ""}}, {"type": "Feature", "geometry": {"type": "Point", "coordinates": [144.9523553, -37.815653]}, "properties": {"name": "Toilets", "category": "Toilets", "group": "outdoor", "hours": "", "access": "", "address": "", "website": ""}}, {"type": "Feature", "geometry": {"type": "Point", "coordinates": [144.9500538, -37.8209833]}, "properties": {"name": "Toilets", "category": "Toilets", "group": "outdoor", "hours": "", "access": "yes", "address": "", "website": ""}}, {"type": "Feature", "geometry": {"type": "Point", "coordinates": [144.9516008, -37.8205187]}, "properties": {"name": "Toilets", "category": "Toilets", "group": "outdoor", "hours": "", "access": "yes", "address": "", "website": ""}}, {"type": "Feature", "geometry": {"type": "Point", "coordinates": [144.9444743, -37.8143928]}, "properties": {"name": "Toilets", "category": "Toilets", "group": "outdoor", "hours": "", "access": "yes", "address": "", "website": ""}}, {"type": "Feature", "geometry": {"type": "Point", "coordinates": [144.9384721, -37.8123851]}, "properties": {"name": "Toilets", "category": "Toilets", "group": "outdoor", "hours": "", "access": "yes", "address": "", "website": ""}}, {"type": "Feature", "geometry": {"type": "Point", "coordinates": [144.9395623, -37.8149873]}, "properties": {"name": "Toilets", "category": "Toilets", "group": "outdoor", "hours": "", "access": "private", "address": "", "website": ""}}, {"type": "Feature", "geometry": {"type": "Point", "coordinates": [144.9372213, -37.8137191]}, "properties": {"name": "Toilets", "category": "Toilets", "group": "outdoor", "hours": "", "access": "yes", "address": "28-38 Pearl River Road", "website": ""}}, {"type": "Feature", "geometry": {"type": "Point", "coordinates": [144.9368769, -37.812259]}, "properties": {"name": "Toilets", "category": "Toilets", "group": "outdoor", "hours": "", "access": "", "address": "", "website": ""}}, {"type": "Feature", "geometry": {"type": "Point", "coordinates": [144.9340405, -37.8171702]}, "properties": {"name": "Toilets", "category": "Toilets", "group": "outdoor", "hours": "", "access": "", "address": "", "website": ""}}, {"type": "Feature", "geometry": {"type": "Point", "coordinates": [144.9556032, -37.8217408]}, "properties": {"name": "Toilets", "category": "Toilets", "group": "outdoor", "hours": "", "access": "yes", "address": "", "website": ""}}, {"type": "Feature", "geometry": {"type": "Point", "coordinates": [144.9324166, -37.8213915]}, "properties": {"name": "Toilets", "category": "Toilets", "group": "outdoor", "hours": "", "access": "customers", "address": "", "website": ""}}, {"type": "Feature", "geometry": {"type": "Point", "coordinates": [144.9474251, -37.8217324]}, "properties": {"name": "Toilets", "category": "Toilets", "group": "outdoor", "hours": "24/7", "access": "yes", "address": "", "website": ""}}, {"type": "Feature", "geometry": {"type": "Point", "coordinates": [144.9436856, -37.8201358]}, "properties": {"name": "Toilets", "category": "Toilets", "group": "outdoor", "hours": "", "access": "", "address": "", "website": ""}}, {"type": "Feature", "geometry": {"type": "Point", "coordinates": [144.973057, -37.80944]}, "properties": {"name": "Toilet 124", "category": "Toilets", "group": "outdoor", "hours": "24/7", "access": "yes", "address": "", "website": ""}}, {"type": "Feature", "geometry": {"type": "Point", "coordinates": [144.9738619, -37.8122563]}, "properties": {"name": "Toilets", "category": "Toilets", "group": "outdoor", "hours": "", "access": "yes", "address": "", "website": ""}}, {"type": "Feature", "geometry": {"type": "Point", "coordinates": [144.9774394, -37.813412]}, "properties": {"name": "Toilets", "category": "Toilets", "group": "outdoor", "hours": "", "access": "yes", "address": "", "website": ""}}, {"type": "Feature", "geometry": {"type": "Point", "coordinates": [144.9768469, -37.8102553]}, "properties": {"name": "Toilets", "category": "Toilets", "group": "outdoor", "hours": "", "access": "", "address": "", "website": ""}}, {"type": "Feature", "geometry": {"type": "Point", "coordinates": [144.9799076, -37.8294449]}, "properties": {"name": "Toilets", "category": "Toilets", "group": "outdoor", "hours": "", "access": "", "address": "", "website": ""}}, {"type": "Feature", "geometry": {"type": "Point", "coordinates": [144.9728004, -37.8159838]}, "properties": {"name": "Toilet 14", "category": "Toilets", "group": "outdoor", "hours": "", "access": "yes", "address": "", "website": ""}}, {"type": "Feature", "geometry": {"type": "Point", "coordinates": [144.9683598, -37.8176756]}, "properties": {"name": "Toilets", "category": "Toilets", "group": "outdoor", "hours": "24/7", "access": "yes", "address": "", "website": ""}}, {"type": "Feature", "geometry": {"type": "Point", "coordinates": [144.9849415, -37.8194508]}, "properties": {"name": "Toilets", "category": "Toilets", "group": "outdoor", "hours": "", "access": "yes", "address": "", "website": ""}}, {"type": "Feature", "geometry": {"type": "Point", "coordinates": [144.984415, -37.8288302]}, "properties": {"name": "Toilets", "category": "Toilets", "group": "outdoor", "hours": "", "access": "", "address": "", "website": ""}}, {"type": "Feature", "geometry": {"type": "Point", "coordinates": [144.9746555, -37.8268965]}, "properties": {"name": "Toilets", "category": "Toilets", "group": "outdoor", "hours": "", "access": "", "address": "", "website": ""}}, {"type": "Feature", "geometry": {"type": "Point", "coordinates": [144.9696052, -37.817776]}, "properties": {"name": "Toilets", "category": "Toilets", "group": "outdoor", "hours": "", "access": "", "address": "", "website": ""}}, {"type": "Feature", "geometry": {"type": "Point", "coordinates": [144.9710742, -37.8185827]}, "properties": {"name": "Toilets", "category": "Toilets", "group": "outdoor", "hours": "", "access": "", "address": "", "website": ""}}, {"type": "Feature", "geometry": {"type": "Point", "coordinates": [144.9808686, -37.8222624]}, "properties": {"name": "Toilets", "category": "Toilets", "group": "outdoor", "hours": "", "access": "", "address": "", "website": ""}}, {"type": "Feature", "geometry": {"type": "Point", "coordinates": [144.9751742, -37.8227675]}, "properties": {"name": "Toilets", "category": "Toilets", "group": "outdoor", "hours": "", "access": "", "address": "", "website": ""}}, {"type": "Feature", "geometry": {"type": "Point", "coordinates": [144.9746847, -37.8241743]}, "properties": {"name": "Toilets", "category": "Toilets", "group": "outdoor", "hours": "", "access": "", "address": "", "website": ""}}, {"type": "Feature", "geometry": {"type": "Point", "coordinates": [144.9818889, -37.8295728]}, "properties": {"name": "Facility", "category": "Facility", "group": "outdoor", "hours": "", "access": "", "address": "", "website": ""}}, {"type": "Feature", "geometry": {"type": "Point", "coordinates": [144.9792162, -37.814944]}, "properties": {"name": "Toilets", "category": "Toilets", "group": "outdoor", "hours": "Mo-Su 09:00-17:00", "access": "yes", "address": "", "website": ""}}, {"type": "Feature", "geometry": {"type": "Point", "coordinates": [144.9028257, -37.7945081]}, "properties": {"name": "Toilets", "category": "Toilets", "group": "outdoor", "hours": "", "access": "yes", "address": "", "website": ""}}, {"type": "Feature", "geometry": {"type": "Point", "coordinates": [144.9146629, -37.7819812]}, "properties": {"name": "Toilets", "category": "Toilets", "group": "outdoor", "hours": "", "access": "", "address": "", "website": ""}}, {"type": "Feature", "geometry": {"type": "Point", "coordinates": [144.930359, -37.7937172]}, "properties": {"name": "Toilets", "category": "Toilets", "group": "outdoor", "hours": "", "access": "yes", "address": "Bellair Street", "website": ""}}, {"type": "Feature", "geometry": {"type": "Point", "coordinates": [144.9310599, -37.7885185]}, "properties": {"name": "Toilets", "category": "Toilets", "group": "outdoor", "hours": "", "access": "yes", "address": "", "website": ""}}, {"type": "Feature", "geometry": {"type": "Point", "coordinates": [144.9619657, -37.7914432]}, "properties": {"name": "Toilets", "category": "Toilets", "group": "outdoor", "hours": "", "access": "yes", "address": "", "website": ""}}, {"type": "Feature", "geometry": {"type": "Point", "coordinates": [144.9590333, -37.7974343]}, "properties": {"name": "Toilets", "category": "Toilets", "group": "outdoor", "hours": "", "access": "yes", "address": "", "website": ""}}, {"type": "Feature", "geometry": {"type": "Point", "coordinates": [144.9619894, -37.7993992]}, "properties": {"name": "Toilets", "category": "Toilets", "group": "outdoor", "hours": "", "access": "", "address": "", "website": ""}}, {"type": "Feature", "geometry": {"type": "Point", "coordinates": [144.941865, -37.7830322]}, "properties": {"name": "Toilets", "category": "Toilets", "group": "outdoor", "hours": "", "access": "yes", "address": "", "website": ""}}, {"type": "Feature", "geometry": {"type": "Point", "coordinates": [144.9387143, -37.7759388]}, "properties": {"name": "Toilets", "category": "Toilets", "group": "outdoor", "hours": "", "access": "", "address": "", "website": ""}}, {"type": "Feature", "geometry": {"type": "Point", "coordinates": [144.9515761, -37.7844924]}, "properties": {"name": "Toilets", "category": "Toilets", "group": "outdoor", "hours": "", "access": "", "address": "", "website": ""}}, {"type": "Feature", "geometry": {"type": "Point", "coordinates": [144.9501675, -37.7859805]}, "properties": {"name": "Toilets", "category": "Toilets", "group": "outdoor", "hours": "", "access": "", "address": "", "website": ""}}, {"type": "Feature", "geometry": {"type": "Point", "coordinates": [144.9511105, -37.7825097]}, "properties": {"name": "Toilets", "category": "Toilets", "group": "outdoor", "hours": "", "access": "", "address": "", "website": ""}}, {"type": "Feature", "geometry": {"type": "Point", "coordinates": [144.9528937, -37.7855765]}, "properties": {"name": "Toilets", "category": "Toilets", "group": "outdoor", "hours": "", "access": "", "address": "", "website": ""}}, {"type": "Feature", "geometry": {"type": "Point", "coordinates": [144.9568631, -37.7924915]}, "properties": {"name": "Toilets", "category": "Toilets", "group": "outdoor", "hours": "24/7", "access": "yes", "address": "", "website": ""}}, {"type": "Feature", "geometry": {"type": "Point", "coordinates": [144.9535004, -37.7848225]}, "properties": {"name": "Toilets", "category": "Toilets", "group": "outdoor", "hours": "", "access": "", "address": "", "website": ""}}, {"type": "Feature", "geometry": {"type": "Point", "coordinates": [144.9813236, -37.839989]}, "properties": {"name": "Toilets", "category": "Toilets", "group": "outdoor", "hours": "", "access": "", "address": "", "website": ""}}, {"type": "Feature", "geometry": {"type": "Point", "coordinates": [144.9826187, -37.8451877]}, "properties": {"name": "Toilets", "category": "Toilets", "group": "outdoor", "hours": "", "access": "", "address": "", "website": ""}}, {"type": "Feature", "geometry": {"type": "Point", "coordinates": [144.9843969, -37.8382398]}, "properties": {"name": "Toilets", "category": "Toilets", "group": "outdoor", "hours": "", "access": "", "address": "", "website": ""}}, {"type": "Feature", "geometry": {"type": "Point", "coordinates": [144.9815275, -37.8401055]}, "properties": {"name": "Toilets", "category": "Toilets", "group": "outdoor", "hours": "", "access": "", "address": "", "website": ""}}, {"type": "Feature", "geometry": {"type": "Point", "coordinates": [144.9817736, -37.8339239]}, "properties": {"name": "Toilets", "category": "Toilets", "group": "outdoor", "hours": "", "access": "", "address": "", "website": ""}}, {"type": "Feature", "geometry": {"type": "Point", "coordinates": [144.9734189, -37.8354328]}, "properties": {"name": "Toilets", "category": "Toilets", "group": "outdoor", "hours": "", "access": "", "address": "", "website": ""}}, {"type": "Feature", "geometry": {"type": "Point", "coordinates": [144.9426995, -37.8075942]}, "properties": {"name": "Toilets", "category": "Toilets", "group": "outdoor", "hours": "", "access": "", "address": "", "website": ""}}, {"type": "Feature", "geometry": {"type": "Point", "coordinates": [144.9413027, -37.806445]}, "properties": {"name": "Toilets", "category": "Toilets", "group": "outdoor", "hours": "", "access": "", "address": "", "website": ""}}, {"type": "Feature", "geometry": {"type": "Point", "coordinates": [144.9407213, -37.8013505]}, "properties": {"name": "Toilets", "category": "Toilets", "group": "outdoor", "hours": "", "access": "yes", "address": "", "website": ""}}, {"type": "Feature", "geometry": {"type": "Point", "coordinates": [144.940702, -37.8012759]}, "properties": {"name": "Toilets", "category": "Toilets", "group": "outdoor", "hours": "", "access": "yes", "address": "", "website": ""}}, {"type": "Feature", "geometry": {"type": "Point", "coordinates": [144.966902, -37.8132343]}, "properties": {"name": "Toilet 46", "category": "Toilets", "group": "outdoor", "hours": "", "access": "", "address": "", "website": ""}}, {"type": "Feature", "geometry": {"type": "Point", "coordinates": [144.967211, -37.8125365]}, "properties": {"name": "Toilets", "category": "Toilets", "group": "outdoor", "hours": "", "access": "customers", "address": "", "website": ""}}, {"type": "Feature", "geometry": {"type": "Point", "coordinates": [144.9629216, -37.8134523]}, "properties": {"name": "Toilets", "category": "Toilets", "group": "outdoor", "hours": "", "access": "yes", "address": "", "website": ""}}, {"type": "Feature", "geometry": {"type": "Point", "coordinates": [144.9631264, -37.8138602]}, "properties": {"name": "Toilets", "category": "Toilets", "group": "outdoor", "hours": "", "access": "yes", "address": "", "website": ""}}, {"type": "Feature", "geometry": {"type": "Point", "coordinates": [144.9637759, -37.8136978]}, "properties": {"name": "Toilets", "category": "Toilets", "group": "outdoor", "hours": "", "access": "yes", "address": "", "website": ""}}, {"type": "Feature", "geometry": {"type": "Point", "coordinates": [144.9632936, -37.8127871]}, "properties": {"name": "Toilets", "category": "Toilets", "group": "outdoor", "hours": "", "access": "yes", "address": "", "website": ""}}, {"type": "Feature", "geometry": {"type": "Point", "coordinates": [144.9646838, -37.8151909]}, "properties": {"name": "Toilets", "category": "Toilets", "group": "outdoor", "hours": "Mo-Su 10:00-21:00", "access": "", "address": "", "website": "https://stcollinslane.com.au/find-us/"}}, {"type": "Feature", "geometry": {"type": "Point", "coordinates": [144.9704851, -37.8134138]}, "properties": {"name": "Toilets", "category": "Toilets", "group": "outdoor", "hours": "", "access": "yes", "address": "", "website": ""}}, {"type": "Feature", "geometry": {"type": "Point", "coordinates": [144.9699065, -37.8100362]}, "properties": {"name": "Toilets", "category": "Toilets", "group": "outdoor", "hours": "", "access": "yes", "address": "", "website": ""}}, {"type": "Feature", "geometry": {"type": "Point", "coordinates": [144.9697711, -37.8094522]}, "properties": {"name": "Toilets", "category": "Toilets", "group": "outdoor", "hours": "", "access": "yes", "address": "", "website": ""}}, {"type": "Feature", "geometry": {"type": "Point", "coordinates": [144.9668997, -37.8152281]}, "properties": {"name": "Toilets", "category": "Toilets", "group": "outdoor", "hours": "", "access": "yes", "address": "", "website": ""}}, {"type": "Feature", "geometry": {"type": "Point", "coordinates": [144.9671553, -37.8151136]}, "properties": {"name": "Toilets", "category": "Toilets", "group": "outdoor", "hours": "", "access": "", "address": "", "website": ""}}, {"type": "Feature", "geometry": {"type": "Point", "coordinates": [144.9723576, -37.814625]}, "properties": {"name": "Toilets", "category": "Toilets", "group": "outdoor", "hours": "", "access": "yes", "address": "", "website": ""}}, {"type": "Feature", "geometry": {"type": "Point", "coordinates": [144.9726461, -37.8142915]}, "properties": {"name": "Toilets", "category": "Toilets", "group": "outdoor", "hours": "", "access": "yes", "address": "", "website": ""}}, {"type": "Feature", "geometry": {"type": "Point", "coordinates": [144.9656625, -37.8107481]}, "properties": {"name": "Toilets", "category": "Toilets", "group": "outdoor", "hours": "", "access": "", "address": "", "website": ""}}, {"type": "Feature", "geometry": {"type": "Point", "coordinates": [144.96572, -37.8089361]}, "properties": {"name": "Toilets", "category": "Toilets", "group": "outdoor", "hours": "24/7", "access": "yes", "address": "", "website": ""}}, {"type": "Feature", "geometry": {"type": "Point", "coordinates": [144.9645764, -37.8096244]}, "properties": {"name": "Toilets", "category": "Toilets", "group": "outdoor", "hours": "", "access": "yes", "address": "La Trobe Street", "website": ""}}, {"type": "Feature", "geometry": {"type": "Point", "coordinates": [144.9634267, -37.8075481]}, "properties": {"name": "Toilets", "category": "Toilets", "group": "outdoor", "hours": "", "access": "permissive", "address": "", "website": ""}}, {"type": "Feature", "geometry": {"type": "Point", "coordinates": [144.9580084, -37.8077017]}, "properties": {"name": "Atm", "category": "Atm", "group": "outdoor", "hours": "", "access": "", "address": "", "website": "https://www.nextpayments.com.au/"}}, {"type": "Feature", "geometry": {"type": "Point", "coordinates": [144.9580043, -37.8077252]}, "properties": {"name": "NAB", "category": "Atm", "group": "outdoor", "hours": "", "access": "", "address": "", "website": ""}}, {"type": "Feature", "geometry": {"type": "Point", "coordinates": [144.957963, -37.8076958]}, "properties": {"name": "Atm", "category": "Atm", "group": "outdoor", "hours": "", "access": "", "address": "", "website": "https://www.nextpayments.com.au/"}}, {"type": "Feature", "geometry": {"type": "Point", "coordinates": [144.9579591, -37.8077179]}, "properties": {"name": "Atm", "category": "Atm", "group": "outdoor", "hours": "", "access": "", "address": "", "website": "https://www.nextpayments.com.au/"}}, {"type": "Feature", "geometry": {"type": "Point", "coordinates": [144.9589866, -37.806377]}, "properties": {"name": "Toilets", "category": "Toilets", "group": "outdoor", "hours": "", "access": "yes", "address": "", "website": ""}}, {"type": "Feature", "geometry": {"type": "Point", "coordinates": [144.95866, -37.807286]}, "properties": {"name": "Toilets", "category": "Toilets", "group": "outdoor", "hours": "", "access": "yes", "address": "", "website": ""}}, {"type": "Feature", "geometry": {"type": "Point", "coordinates": [144.9633486, -37.8110143]}, "properties": {"name": "Toilets", "category": "Toilets", "group": "outdoor", "hours": "", "access": "yes", "address": "", "website": ""}}, {"type": "Feature", "geometry": {"type": "Point", "coordinates": [144.9623735, -37.8104436]}, "properties": {"name": "Toilets", "category": "Toilets", "group": "outdoor", "hours": "", "access": "yes", "address": "", "website": ""}}, {"type": "Feature", "geometry": {"type": "Point", "coordinates": [144.9634413, -37.8111513]}, "properties": {"name": "Toilets", "category": "Toilets", "group": "outdoor", "hours": "", "access": "yes", "address": "", "website": ""}}, {"type": "Feature", "geometry": {"type": "Point", "coordinates": [144.962464, -37.8104876]}, "properties": {"name": "Toilets", "category": "Toilets", "group": "outdoor", "hours": "", "access": "yes", "address": "", "website": ""}}, {"type": "Feature", "geometry": {"type": "Point", "coordinates": [144.9628881, -37.8105949]}, "properties": {"name": "Toilets", "category": "Toilets", "group": "outdoor", "hours": "", "access": "customers", "address": "", "website": ""}}, {"type": "Feature", "geometry": {"type": "Point", "coordinates": [144.962526, -37.8105593]}, "properties": {"name": "Toilets", "category": "Toilets", "group": "outdoor", "hours": "", "access": "", "address": "", "website": ""}}, {"type": "Feature", "geometry": {"type": "Point", "coordinates": [144.9566275, -37.806138]}, "properties": {"name": "Toilets", "category": "Toilets", "group": "outdoor", "hours": "Mo,We 05:00-15:00; Tu,Th 03:00-16:30; Fr 03:00-16:00; Sa 03:00-17:30; Su 03:00-18:00", "access": "yes", "address": "", "website": ""}}, {"type": "Feature", "geometry": {"type": "Point", "coordinates": [144.9565791, -37.8061459]}, "properties": {"name": "Toilets", "category": "Toilets", "group": "outdoor", "hours": "Mo,We 05:00-15:00; Tu,Th 03:00-16:30; Fr 03:00-16:00; Sa 03:00-17:30; Su 03:00-18:00", "access": "yes", "address": "", "website": ""}}, {"type": "Feature", "geometry": {"type": "Point", "coordinates": [144.9600238, -37.8129204]}, "properties": {"name": "Toilets", "category": "Toilets", "group": "outdoor", "hours": "", "access": "yes", "address": "", "website": ""}}, {"type": "Feature", "geometry": {"type": "Point", "coordinates": [144.9626473, -37.8067944]}, "properties": {"name": "Toilet 146", "category": "Toilets", "group": "outdoor", "hours": "Mo-Su 07:00-17:00", "access": "yes", "address": "", "website": ""}}, {"type": "Feature", "geometry": {"type": "Point", "coordinates": [144.9602731, -37.8175423]}, "properties": {"name": "Toilets", "category": "Toilets", "group": "outdoor", "hours": "", "access": "yes", "address": "", "website": ""}}, {"type": "Feature", "geometry": {"type": "Point", "coordinates": [144.961285, -37.819412]}, "properties": {"name": "Toilets", "category": "Toilets", "group": "outdoor", "hours": "", "access": "yes", "address": "", "website": ""}}, {"type": "Feature", "geometry": {"type": "Point", "coordinates": [144.9656863, -37.8204631]}, "properties": {"name": "Toilets", "category": "Toilets", "group": "outdoor", "hours": "", "access": "yes", "address": "", "website": ""}}, {"type": "Feature", "geometry": {"type": "Point", "coordinates": [144.9670143, -37.8179862]}, "properties": {"name": "Toilets", "category": "Toilets", "group": "outdoor", "hours": "", "access": "yes", "address": "", "website": ""}}, {"type": "Feature", "geometry": {"type": "Point", "coordinates": [144.966235, -37.817883]}, "properties": {"name": "Toilets", "category": "Toilets", "group": "outdoor", "hours": "", "access": "yes", "address": "", "website": ""}}, {"type": "Feature", "geometry": {"type": "Point", "coordinates": [144.9652435, -37.818368]}, "properties": {"name": "Toilets", "category": "Toilets", "group": "outdoor", "hours": "", "access": "", "address": "", "website": ""}}, {"type": "Feature", "geometry": {"type": "Point", "coordinates": [144.96649, -37.8201576]}, "properties": {"name": "Toilets", "category": "Toilets", "group": "outdoor", "hours": "", "access": "", "address": "", "website": ""}}, {"type": "Feature", "geometry": {"type": "Point", "coordinates": [144.9669383, -37.8201375]}, "properties": {"name": "Toilets", "category": "Toilets", "group": "outdoor", "hours": "", "access": "yes", "address": "24-26 Southgate Avenue", "website": ""}}, {"type": "Feature", "geometry": {"type": "Point", "coordinates": [144.9642307, -37.8203283]}, "properties": {"name": "Toilets", "category": "Toilets", "group": "outdoor", "hours": "", "access": "", "address": "", "website": ""}}, {"type": "Feature", "geometry": {"type": "Point", "coordinates": [144.9551331, -37.8143428]}, "properties": {"name": "Toilets", "category": "Toilets", "group": "outdoor", "hours": "", "access": "yes", "address": "", "website": ""}}, {"type": "Feature", "geometry": {"type": "Point", "coordinates": [144.9498612, -37.803085]}, "properties": {"name": "Toilets", "category": "Toilets", "group": "outdoor", "hours": "", "access": "yes", "address": "", "website": ""}}, {"type": "Feature", "geometry": {"type": "Point", "coordinates": [144.9499466, -37.803093]}, "properties": {"name": "Toilets", "category": "Toilets", "group": "outdoor", "hours": "", "access": "", "address": "", "website": ""}}, {"type": "Feature", "geometry": {"type": "Point", "coordinates": [144.983562, -37.8310797]}, "properties": {"name": "Toilets", "category": "Toilets", "group": "outdoor", "hours": "", "access": "", "address": "", "website": ""}}, {"type": "Feature", "geometry": {"type": "Point", "coordinates": [144.9760798, -37.8298636]}, "properties": {"name": "Toilets", "category": "Toilets", "group": "outdoor", "hours": "", "access": "", "address": "", "website": ""}}, {"type": "Feature", "geometry": {"type": "Point", "coordinates": [144.9784202, -37.8306005]}, "properties": {"name": "Toilets", "category": "Toilets", "group": "outdoor", "hours": "", "access": "", "address": "", "website": ""}}, {"type": "Feature", "geometry": {"type": "Point", "coordinates": [144.9549281, -37.8246692]}, "properties": {"name": "Toilets", "category": "Toilets", "group": "outdoor", "hours": "", "access": "yes", "address": "", "website": ""}}, {"type": "Feature", "geometry": {"type": "Point", "coordinates": [144.966725, -37.8267598]}, "properties": {"name": "Toilets", "category": "Toilets", "group": "outdoor", "hours": "", "access": "customers", "address": "", "website": ""}}, {"type": "Feature", "geometry": {"type": "Point", "coordinates": [144.9563965, -37.8387459]}, "properties": {"name": "Toilets", "category": "Toilets", "group": "outdoor", "hours": "", "access": "yes", "address": "", "website": ""}}, {"type": "Feature", "geometry": {"type": "Point", "coordinates": [144.9570671, -37.8386088]}, "properties": {"name": "Toilets", "category": "Toilets", "group": "outdoor", "hours": "", "access": "yes", "address": "", "website": ""}}, {"type": "Feature", "geometry": {"type": "Point", "coordinates": [144.953091, -37.8395206]}, "properties": {"name": "Toilets", "category": "Toilets", "group": "outdoor", "hours": "", "access": "", "address": "", "website": ""}}, {"type": "Feature", "geometry": {"type": "Point", "coordinates": [144.9561513, -37.8412901]}, "properties": {"name": "Toilets", "category": "Toilets", "group": "outdoor", "hours": "", "access": "", "address": "319 Montague Street", "website": ""}}, {"type": "Feature", "geometry": {"type": "Point", "coordinates": [144.9465679, -37.8470934]}, "properties": {"name": "Toilets", "category": "Toilets", "group": "outdoor", "hours": "", "access": "", "address": "", "website": ""}}, {"type": "Feature", "geometry": {"type": "Point", "coordinates": [144.9460611, -37.8424337]}, "properties": {"name": "Toilets", "category": "Toilets", "group": "outdoor", "hours": "", "access": "", "address": "", "website": ""}}, {"type": "Feature", "geometry": {"type": "Point", "coordinates": [144.9547051, -37.8510157]}, "properties": {"name": "Toilets", "category": "Toilets", "group": "outdoor", "hours": "", "access": "", "address": "", "website": ""}}, {"type": "Feature", "geometry": {"type": "Point", "coordinates": [144.954441, -37.8508897]}, "properties": {"name": "Toilets", "category": "Toilets", "group": "outdoor", "hours": "", "access": "", "address": "", "website": ""}}, {"type": "Feature", "geometry": {"type": "Point", "coordinates": [144.9732146, -37.8504843]}, "properties": {"name": "Toilets", "category": "Toilets", "group": "outdoor", "hours": "", "access": "", "address": "", "website": ""}}, {"type": "Feature", "geometry": {"type": "Point", "coordinates": [144.966586, -37.8389753]}, "properties": {"name": "Toilets", "category": "Toilets", "group": "outdoor", "hours": "", "access": "", "address": "", "website": ""}}, {"type": "Feature", "geometry": {"type": "Point", "coordinates": [144.966424, -37.8390601]}, "properties": {"name": "Toilets", "category": "Toilets", "group": "outdoor", "hours": "", "access": "", "address": "", "website": ""}}, {"type": "Feature", "geometry": {"type": "Point", "coordinates": [144.9737745, -37.8476058]}, "properties": {"name": "Toilets", "category": "Toilets", "group": "outdoor", "hours": "", "access": "", "address": "", "website": ""}}, {"type": "Feature", "geometry": {"type": "Point", "coordinates": [144.977847, -37.8831975]}, "properties": {"name": "Facility", "category": "Facility", "group": "outdoor", "hours": "", "access": "", "address": "", "website": ""}}, {"type": "Feature", "geometry": {"type": "Point", "coordinates": [144.9777973, -37.8832975]}, "properties": {"name": "Facility", "category": "Facility", "group": "outdoor", "hours": "", "access": "", "address": "", "website": ""}}, {"type": "Feature", "geometry": {"type": "Point", "coordinates": [144.9849053, -37.882297]}, "properties": {"name": "Toilets", "category": "Toilets", "group": "outdoor", "hours": "", "access": "", "address": "", "website": ""}}, {"type": "Feature", "geometry": {"type": "Point", "coordinates": [144.9849315, -37.8822995]}, "properties": {"name": "Toilets", "category": "Toilets", "group": "outdoor", "hours": "", "access": "", "address": "", "website": ""}}, {"type": "Feature", "geometry": {"type": "Point", "coordinates": [144.984878, -37.882294]}, "properties": {"name": "Toilets", "category": "Toilets", "group": "outdoor", "hours": "", "access": "", "address": "", "website": ""}}, {"type": "Feature", "geometry": {"type": "Point", "coordinates": [144.9857952, -37.8823972]}, "properties": {"name": "Toilets", "category": "Toilets", "group": "outdoor", "hours": "", "access": "", "address": "", "website": ""}}, {"type": "Feature", "geometry": {"type": "Point", "coordinates": [144.9857957, -37.8824204]}, "properties": {"name": "Toilets", "category": "Toilets", "group": "outdoor", "hours": "", "access": "", "address": "", "website": ""}}, {"type": "Feature", "geometry": {"type": "Point", "coordinates": [144.9839785, -37.8891318]}, "properties": {"name": "Toilets", "category": "Toilets", "group": "outdoor", "hours": "", "access": "", "address": "", "website": ""}}, {"type": "Feature", "geometry": {"type": "Point", "coordinates": [144.9859953, -37.8821062]}, "properties": {"name": "Toilets", "category": "Toilets", "group": "outdoor", "hours": "", "access": "", "address": "", "website": ""}}, {"type": "Feature", "geometry": {"type": "Point", "coordinates": [144.9844895, -37.8820324]}, "properties": {"name": "Toilets", "category": "Toilets", "group": "outdoor", "hours": "", "access": "", "address": "", "website": ""}}, {"type": "Feature", "geometry": {"type": "Point", "coordinates": [144.9844624, -37.8821866]}, "properties": {"name": "Toilets", "category": "Toilets", "group": "outdoor", "hours": "", "access": "", "address": "", "website": ""}}, {"type": "Feature", "geometry": {"type": "Point", "coordinates": [144.9446271, -37.8385092]}, "properties": {"name": "Toilets", "category": "Toilets", "group": "outdoor", "hours": "", "access": "", "address": "", "website": ""}}, {"type": "Feature", "geometry": {"type": "Point", "coordinates": [144.9166335, -37.8396817]}, "properties": {"name": "Public Toilets", "category": "Toilets", "group": "outdoor", "hours": "24/7", "access": "yes", "address": "", "website": ""}}, {"type": "Feature", "geometry": {"type": "Point", "coordinates": [144.9197399, -37.8392334]}, "properties": {"name": "Westport Reserve Toilets", "category": "Toilets", "group": "outdoor", "hours": "", "access": "", "address": "", "website": ""}}, {"type": "Feature", "geometry": {"type": "Point", "coordinates": [144.9359947, -37.8422436]}, "properties": {"name": "Toilets", "category": "Toilets", "group": "outdoor", "hours": "", "access": "yes", "address": "", "website": ""}}, {"type": "Feature", "geometry": {"type": "Point", "coordinates": [144.93652, -37.842557]}, "properties": {"name": "Toilets", "category": "Toilets", "group": "outdoor", "hours": "", "access": "yes", "address": "", "website": ""}}, {"type": "Feature", "geometry": {"type": "Point", "coordinates": [144.9302074, -37.8334959]}, "properties": {"name": "Toilets", "category": "Toilets", "group": "outdoor", "hours": "", "access": "", "address": "", "website": ""}}, {"type": "Feature", "geometry": {"type": "Point", "coordinates": [144.9310635, -37.8449469]}, "properties": {"name": "Toilets", "category": "Toilets", "group": "outdoor", "hours": "", "access": "", "address": "", "website": ""}}, {"type": "Feature", "geometry": {"type": "Point", "coordinates": [144.9928518, -37.858173]}, "properties": {"name": "Toilets", "category": "Toilets", "group": "outdoor", "hours": "", "access": "", "address": "", "website": ""}}, {"type": "Feature", "geometry": {"type": "Point", "coordinates": [144.995282, -37.861092]}, "properties": {"name": "Toilets", "category": "Toilets", "group": "outdoor", "hours": "", "access": "", "address": "", "website": ""}}, {"type": "Feature", "geometry": {"type": "Point", "coordinates": [144.992761, -37.8679489]}, "properties": {"name": "Toilets", "category": "Toilets", "group": "outdoor", "hours": "", "access": "", "address": "", "website": ""}}, {"type": "Feature", "geometry": {"type": "Point", "coordinates": [144.9561547, -37.8326802]}, "properties": {"name": "Toilets", "category": "Toilets", "group": "outdoor", "hours": "", "access": "yes", "address": "", "website": ""}}, {"type": "Feature", "geometry": {"type": "Point", "coordinates": [144.9657978, -37.8347557]}, "properties": {"name": "Toilets", "category": "Toilets", "group": "outdoor", "hours": "", "access": "", "address": "", "website": ""}}, {"type": "Feature", "geometry": {"type": "Point", "coordinates": [144.9608294, -37.8322928]}, "properties": {"name": "Toilets", "category": "Toilets", "group": "outdoor", "hours": "Mo-Su 10:00-20:00", "access": "", "address": "261 Clarendon Street", "website": ""}}, {"type": "Feature", "geometry": {"type": "Point", "coordinates": [144.9608402, -37.8323094]}, "properties": {"name": "Toilets", "category": "Toilets", "group": "outdoor", "hours": "", "access": "yes", "address": "", "website": ""}}, {"type": "Feature", "geometry": {"type": "Point", "coordinates": [144.9831579, -37.871129]}, "properties": {"name": "Toilets", "category": "Toilets", "group": "outdoor", "hours": "", "access": "", "address": "", "website": ""}}, {"type": "Feature", "geometry": {"type": "Point", "coordinates": [144.9760814, -37.8713739]}, "properties": {"name": "Toilets", "category": "Toilets", "group": "outdoor", "hours": "", "access": "", "address": "", "website": ""}}, {"type": "Feature", "geometry": {"type": "Point", "coordinates": [144.9741912, -37.8661977]}, "properties": {"name": "Toilets", "category": "Toilets", "group": "outdoor", "hours": "", "access": "", "address": "", "website": ""}}, {"type": "Feature", "geometry": {"type": "Point", "coordinates": [144.9752072, -37.8687771]}, "properties": {"name": "Toilets", "category": "Toilets", "group": "outdoor", "hours": "", "access": "", "address": "", "website": ""}}, {"type": "Feature", "geometry": {"type": "Point", "coordinates": [144.9717888, -37.8651087]}, "properties": {"name": "Toilets", "category": "Toilets", "group": "outdoor", "hours": "", "access": "", "address": "", "website": ""}}, {"type": "Feature", "geometry": {"type": "Point", "coordinates": [144.9747342, -37.8680329]}, "properties": {"name": "Toilets", "category": "Toilets", "group": "outdoor", "hours": "", "access": "", "address": "", "website": ""}}, {"type": "Feature", "geometry": {"type": "Point", "coordinates": [144.9722015, -37.8621996]}, "properties": {"name": "Toilets", "category": "Toilets", "group": "outdoor", "hours": "", "access": "", "address": "", "website": ""}}, {"type": "Feature", "geometry": {"type": "Point", "coordinates": [144.9718879, -37.8626332]}, "properties": {"name": "Toilets", "category": "Toilets", "group": "outdoor", "hours": "", "access": "", "address": "", "website": ""}}, {"type": "Feature", "geometry": {"type": "Point", "coordinates": [145.0277389, -37.8612179]}, "properties": {"name": "Toilets", "category": "Toilets", "group": "outdoor", "hours": "", "access": "", "address": "", "website": ""}}, {"type": "Feature", "geometry": {"type": "Point", "coordinates": [145.0002268, -37.8526737]}, "properties": {"name": "Toilets", "category": "Toilets", "group": "outdoor", "hours": "", "access": "", "address": "", "website": ""}}, {"type": "Feature", "geometry": {"type": "Point", "coordinates": [144.9879699, -37.8536789]}, "properties": {"name": "Toilets", "category": "Toilets", "group": "outdoor", "hours": "", "access": "", "address": "", "website": ""}}, {"type": "Feature", "geometry": {"type": "Point", "coordinates": [144.9923935, -37.8560042]}, "properties": {"name": "Toilets", "category": "Toilets", "group": "outdoor", "hours": "", "access": "yes", "address": "", "website": ""}}, {"type": "Feature", "geometry": {"type": "Point", "coordinates": [144.9926765, -37.8494815]}, "properties": {"name": "Toilets", "category": "Toilets", "group": "outdoor", "hours": "", "access": "yes", "address": "", "website": ""}}, {"type": "Feature", "geometry": {"type": "Point", "coordinates": [144.9929212, -37.8482462]}, "properties": {"name": "Toilets", "category": "Toilets", "group": "outdoor", "hours": "", "access": "yes", "address": "", "website": ""}}, {"type": "Feature", "geometry": {"type": "Point", "coordinates": [144.9928454, -37.834289]}, "properties": {"name": "Toilets", "category": "Toilets", "group": "outdoor", "hours": "", "access": "", "address": "", "website": ""}}, {"type": "Feature", "geometry": {"type": "Point", "coordinates": [144.9928548, -37.8343016]}, "properties": {"name": "Toilets", "category": "Toilets", "group": "outdoor", "hours": "", "access": "", "address": "", "website": ""}}, {"type": "Feature", "geometry": {"type": "Point", "coordinates": [144.9923338, -37.8389329]}, "properties": {"name": "Toilets", "category": "Toilets", "group": "outdoor", "hours": "", "access": "yes", "address": "", "website": ""}}, {"type": "Feature", "geometry": {"type": "Point", "coordinates": [144.9923056, -37.8389296]}, "properties": {"name": "Toilets", "category": "Toilets", "group": "outdoor", "hours": "", "access": "yes", "address": "", "website": ""}}, {"type": "Feature", "geometry": {"type": "Point", "coordinates": [144.9989099, -37.839304]}, "properties": {"name": "Toilets", "category": "Toilets", "group": "outdoor", "hours": "", "access": "", "address": "", "website": ""}}, {"type": "Feature", "geometry": {"type": "Point", "coordinates": [144.987417, -37.8390176]}, "properties": {"name": "Toilets", "category": "Toilets", "group": "outdoor", "hours": "", "access": "", "address": "", "website": ""}}, {"type": "Feature", "geometry": {"type": "Point", "coordinates": [144.9984425, -37.8102061]}, "properties": {"name": "Toilets", "category": "Toilets", "group": "outdoor", "hours": "", "access": "yes", "address": "", "website": ""}}, {"type": "Feature", "geometry": {"type": "Point", "coordinates": [145.0032426, -37.8027251]}, "properties": {"name": "Toilets", "category": "Toilets", "group": "outdoor", "hours": "", "access": "yes", "address": "", "website": ""}}, {"type": "Feature", "geometry": {"type": "Point", "coordinates": [145.0057756, -37.8031474]}, "properties": {"name": "Toilets", "category": "Toilets", "group": "outdoor", "hours": "", "access": "yes", "address": "", "website": ""}}, {"type": "Feature", "geometry": {"type": "Point", "coordinates": [145.0042866, -37.8029977]}, "properties": {"name": "Toilets", "category": "Toilets", "group": "outdoor", "hours": "", "access": "yes", "address": "", "website": ""}}, {"type": "Feature", "geometry": {"type": "Point", "coordinates": [145.0048047, -37.803284]}, "properties": {"name": "Toilets", "category": "Toilets", "group": "outdoor", "hours": "", "access": "", "address": "", "website": ""}}, {"type": "Feature", "geometry": {"type": "Point", "coordinates": [145.0039413, -37.8032821]}, "properties": {"name": "Toilets", "category": "Toilets", "group": "outdoor", "hours": "", "access": "", "address": "", "website": ""}}, {"type": "Feature", "geometry": {"type": "Point", "coordinates": [144.9958317, -37.8094998]}, "properties": {"name": "Toilets", "category": "Toilets", "group": "outdoor", "hours": "", "access": "yes", "address": "", "website": ""}}, {"type": "Feature", "geometry": {"type": "Point", "coordinates": [144.9933889, -37.8039382]}, "properties": {"name": "Toilets", "category": "Toilets", "group": "outdoor", "hours": "", "access": "yes", "address": "", "website": ""}}, {"type": "Feature", "geometry": {"type": "Point", "coordinates": [144.9663802, -37.7855345]}, "properties": {"name": "Toilets", "category": "Toilets", "group": "outdoor", "hours": "", "access": "yes", "address": "", "website": ""}}, {"type": "Feature", "geometry": {"type": "Point", "coordinates": [144.9604998, -37.7789227]}, "properties": {"name": "Toilets", "category": "Toilets", "group": "outdoor", "hours": "", "access": "", "address": "", "website": ""}}, {"type": "Feature", "geometry": {"type": "Point", "coordinates": [144.9685968, -37.7896454]}, "properties": {"name": "Toilets", "category": "Toilets", "group": "outdoor", "hours": "", "access": "yes", "address": "", "website": ""}}, {"type": "Feature", "geometry": {"type": "Point", "coordinates": [144.9722775, -37.7896509]}, "properties": {"name": "Toilets", "category": "Toilets", "group": "outdoor", "hours": "", "access": "yes", "address": "", "website": ""}}, {"type": "Feature", "geometry": {"type": "Point", "coordinates": [144.9842867, -37.7972669]}, "properties": {"name": "Toilets", "category": "Toilets", "group": "outdoor", "hours": "Mo-Su,PH 07:00-19:00", "access": "yes", "address": "", "website": ""}}, {"type": "Feature", "geometry": {"type": "Point", "coordinates": [144.9834162, -37.8050518]}, "properties": {"name": "Toilets", "category": "Toilets", "group": "outdoor", "hours": "24/7", "access": "yes", "address": "", "website": ""}}, {"type": "Feature", "geometry": {"type": "Point", "coordinates": [144.9856399, -37.7997588]}, "properties": {"name": "Toilets", "category": "Toilets", "group": "outdoor", "hours": "", "access": "yes", "address": "", "website": ""}}, {"type": "Feature", "geometry": {"type": "Point", "coordinates": [144.978622, -37.79903]}, "properties": {"name": "Toilets", "category": "Toilets", "group": "outdoor", "hours": "", "access": "yes", "address": "", "website": ""}}, {"type": "Feature", "geometry": {"type": "Point", "coordinates": [144.979111, -37.802418]}, "properties": {"name": "Toilets", "category": "Toilets", "group": "outdoor", "hours": "24/7", "access": "yes", "address": "", "website": ""}}, {"type": "Feature", "geometry": {"type": "Point", "coordinates": [144.990552, -37.7885395]}, "properties": {"name": "Toilets", "category": "Toilets", "group": "outdoor", "hours": "", "access": "", "address": "", "website": ""}}, {"type": "Feature", "geometry": {"type": "Point", "coordinates": [144.983633, -37.788539]}, "properties": {"name": "Toilets", "category": "Toilets", "group": "outdoor", "hours": "", "access": "", "address": "", "website": ""}}, {"type": "Feature", "geometry": {"type": "Point", "coordinates": [144.9835333, -37.7884306]}, "properties": {"name": "Toilets", "category": "Toilets", "group": "outdoor", "hours": "", "access": "", "address": "", "website": ""}}, {"type": "Feature", "geometry": {"type": "Point", "coordinates": [144.9952328, -37.7887434]}, "properties": {"name": "Toilets", "category": "Toilets", "group": "outdoor", "hours": "", "access": "", "address": "", "website": ""}}, {"type": "Feature", "geometry": {"type": "Point", "coordinates": [145.0028667, -37.7914408]}, "properties": {"name": "Toilets", "category": "Toilets", "group": "outdoor", "hours": "", "access": "", "address": "", "website": ""}}, {"type": "Feature", "geometry": {"type": "Point", "coordinates": [145.0086867, -37.7996877]}, "properties": {"name": "Toilets", "category": "Toilets", "group": "outdoor", "hours": "", "access": "yes", "address": "", "website": ""}}, {"type": "Feature", "geometry": {"type": "Point", "coordinates": [145.006443, -37.7954092]}, "properties": {"name": "Toilets", "category": "Toilets", "group": "outdoor", "hours": "", "access": "yes", "address": "", "website": ""}}, {"type": "Feature", "geometry": {"type": "Point", "coordinates": [144.993974, -37.7890923]}, "properties": {"name": "Toilets", "category": "Toilets", "group": "outdoor", "hours": "", "access": "yes", "address": "", "website": ""}}, {"type": "Feature", "geometry": {"type": "Point", "coordinates": [145.0014876, -37.7846422]}, "properties": {"name": "Toilets", "category": "Toilets", "group": "outdoor", "hours": "", "access": "yes", "address": "", "website": ""}}, {"type": "Feature", "geometry": {"type": "Point", "coordinates": [145.0113339, -37.7850873]}, "properties": {"name": "Toilets", "category": "Toilets", "group": "outdoor", "hours": "Mo-Su 06:00-21:00", "access": "yes", "address": "", "website": ""}}, {"type": "Feature", "geometry": {"type": "Point", "coordinates": [144.9984989, -37.8181156]}, "properties": {"name": "Toilets", "category": "Toilets", "group": "outdoor", "hours": "", "access": "yes", "address": "", "website": ""}}, {"type": "Feature", "geometry": {"type": "Point", "coordinates": [144.9945481, -37.8179534]}, "properties": {"name": "Toilets", "category": "Toilets", "group": "outdoor", "hours": "", "access": "yes", "address": "", "website": ""}}, {"type": "Feature", "geometry": {"type": "Point", "coordinates": [145.0117569, -37.8133619]}, "properties": {"name": "Toilets", "category": "Toilets", "group": "outdoor", "hours": "", "access": "yes", "address": "", "website": ""}}, {"type": "Feature", "geometry": {"type": "Point", "coordinates": [145.014674, -37.81235]}, "properties": {"name": "Toilets", "category": "Toilets", "group": "outdoor", "hours": "", "access": "customers", "address": "", "website": ""}}, {"type": "Feature", "geometry": {"type": "Point", "coordinates": [145.0305026, -37.8566517]}, "properties": {"name": "Toilets", "category": "Toilets", "group": "outdoor", "hours": "", "access": "", "address": "", "website": ""}}, {"type": "Feature", "geometry": {"type": "Point", "coordinates": [145.035279, -37.8556464]}, "properties": {"name": "Toilets", "category": "Toilets", "group": "outdoor", "hours": "", "access": "yes", "address": "", "website": ""}}, {"type": "Feature", "geometry": {"type": "Point", "coordinates": [145.0358658, -37.8444814]}, "properties": {"name": "Toilets", "category": "Toilets", "group": "outdoor", "hours": "", "access": "", "address": "", "website": ""}}, {"type": "Feature", "geometry": {"type": "Point", "coordinates": [145.0353779, -37.8394199]}, "properties": {"name": "Toilets", "category": "Toilets", "group": "outdoor", "hours": "", "access": "yes", "address": "", "website": ""}}, {"type": "Feature", "geometry": {"type": "Point", "coordinates": [145.060226, -37.860711]}, "properties": {"name": "Toilets", "category": "Toilets", "group": "outdoor", "hours": "", "access": "", "address": "", "website": ""}}, {"type": "Feature", "geometry": {"type": "Point", "coordinates": [145.0478353, -37.8681919]}, "properties": {"name": "Toilets", "category": "Toilets", "group": "outdoor", "hours": "", "access": "yes", "address": "", "website": ""}}, {"type": "Feature", "geometry": {"type": "Point", "coordinates": [145.0916105, -37.8735426]}, "properties": {"name": "Toilets", "category": "Toilets", "group": "outdoor", "hours": "", "access": "no", "address": "", "website": ""}}, {"type": "Feature", "geometry": {"type": "Point", "coordinates": [145.0839459, -37.8849083]}, "properties": {"name": "Toilets", "category": "Toilets", "group": "outdoor", "hours": "", "access": "yes", "address": "", "website": ""}}, {"type": "Feature", "geometry": {"type": "Point", "coordinates": [145.0820416, -37.8865782]}, "properties": {"name": "Toilets", "category": "Toilets", "group": "outdoor", "hours": "", "access": "", "address": "", "website": ""}}, {"type": "Feature", "geometry": {"type": "Point", "coordinates": [145.062975, -37.8691048]}, "properties": {"name": "Toilets", "category": "Toilets", "group": "outdoor", "hours": "", "access": "", "address": "", "website": ""}}, {"type": "Feature", "geometry": {"type": "Point", "coordinates": [144.8642033, -37.7818354]}, "properties": {"name": "Toilets", "category": "Toilets", "group": "outdoor", "hours": "", "access": "", "address": "", "website": ""}}, {"type": "Feature", "geometry": {"type": "Point", "coordinates": [144.85026, -37.7782377]}, "properties": {"name": "Toilets", "category": "Toilets", "group": "outdoor", "hours": "", "access": "", "address": "", "website": ""}}, {"type": "Feature", "geometry": {"type": "Point", "coordinates": [144.8509335, -37.773811]}, "properties": {"name": "Toilets", "category": "Toilets", "group": "outdoor", "hours": "", "access": "", "address": "", "website": ""}}, {"type": "Feature", "geometry": {"type": "Point", "coordinates": [144.9007336, -37.799432]}, "properties": {"name": "Toilets", "category": "Toilets", "group": "outdoor", "hours": "", "access": "yes", "address": "", "website": ""}}, {"type": "Feature", "geometry": {"type": "Point", "coordinates": [144.8985993, -37.8139965]}, "properties": {"name": "Toilets", "category": "Toilets", "group": "outdoor", "hours": "", "access": "yes", "address": "", "website": ""}}, {"type": "Feature", "geometry": {"type": "Point", "coordinates": [144.8968371, -37.8004765]}, "properties": {"name": "Toilets", "category": "Toilets", "group": "outdoor", "hours": "", "access": "", "address": "", "website": ""}}, {"type": "Feature", "geometry": {"type": "Point", "coordinates": [144.8999435, -37.7653563]}, "properties": {"name": "Toilets", "category": "Toilets", "group": "outdoor", "hours": "", "access": "", "address": "", "website": ""}}, {"type": "Feature", "geometry": {"type": "Point", "coordinates": [144.8961684, -37.7767465]}, "properties": {"name": "Toilets", "category": "Toilets", "group": "outdoor", "hours": "", "access": "", "address": "", "website": ""}}, {"type": "Feature", "geometry": {"type": "Point", "coordinates": [144.8902881, -37.8081676]}, "properties": {"name": "Toilet", "category": "Toilet", "group": "outdoor", "hours": "", "access": "", "address": "", "website": ""}}, {"type": "Feature", "geometry": {"type": "Point", "coordinates": [144.8715774, -37.8046451]}, "properties": {"name": "Toilets", "category": "Toilets", "group": "outdoor", "hours": "", "access": "yes", "address": "", "website": ""}}, {"type": "Feature", "geometry": {"type": "Point", "coordinates": [144.8893291, -37.8163507]}, "properties": {"name": "Toilets", "category": "Toilets", "group": "outdoor", "hours": "", "access": "yes", "address": "", "website": ""}}, {"type": "Feature", "geometry": {"type": "Point", "coordinates": [144.8894209, -37.8161837]}, "properties": {"name": "Toilets", "category": "Toilets", "group": "outdoor", "hours": "", "access": "yes", "address": "", "website": ""}}, {"type": "Feature", "geometry": {"type": "Point", "coordinates": [144.8778731, -37.8180735]}, "properties": {"name": "Toilets", "category": "Toilets", "group": "outdoor", "hours": "", "access": "", "address": "", "website": ""}}]}